name,type,start_time,duration
"1-Wire","reset",2025-09-03T09:43:24.309521333+00:00,1.528952875
"1-Wire","reset",2025-09-03T09:43:25.838575542+00:00,0.007450667
"1-Wire","reset",2025-09-03T09:43:25.846070708+00:00,0.01470175
"1-Wire","reset",2025-09-03T09:43:25.860807458+00:00,0.014872667
"1-Wire","reset",2025-09-03T09:43:25.875705667+00:00,0.014889917
"1-Wire","reset",2025-09-03T09:43:25.890611667+00:00,0.014925292
"1-Wire","reset",2025-09-03T09:43:25.905572000+00:00,0.014925083
"1-Wire","reset",2025-09-03T09:43:25.920522625+00:00,0.01493625
"1-Wire","reset",2025-09-03T09:43:25.935493875+00:00,0.014922167
"1-Wire","reset",2025-09-03T09:43:25.950451042+00:00,0.014963917
"1-Wire","reset",2025-09-03T09:43:25.965449958+00:00,0.014852958
"1-Wire","reset",2025-09-03T09:43:25.980337917+00:00,0.014910458
"1-Wire","reset",2025-09-03T09:43:25.995273917+00:00,0.014909667
"1-Wire","reset",2025-09-03T09:43:26.010228042+00:00,0.014928042
"1-Wire","reset",2025-09-03T09:43:26.025200583+00:00,0.014925833
"1-Wire","reset",2025-09-03T09:43:26.040151958+00:00,0.014931417
"1-Wire","reset",2025-09-03T09:43:26.055108875+00:00,0.014899417
"1-Wire","reset",2025-09-03T09:43:26.070043292+00:00,0.021903792
"1-Wire","reset",2025-09-03T09:43:26.091972583+00:00,0.008017917
"1-Wire","reset",2025-09-03T09:43:26.100006583+00:00,0.022347917
"1-Wire","reset",2025-09-03T09:43:26.122380042+00:00,0.014842875
"1-Wire","reset",2025-09-03T09:43:26.137248458+00:00,0.015004625
"1-Wire","reset",2025-09-03T09:43:26.152278625+00:00,0.014958708
"1-Wire","reset",2025-09-03T09:43:26.167262875+00:00,0.014945375
"1-Wire","reset",2025-09-03T09:43:26.182224333+00:00,0.014939208
"1-Wire","reset",2025-09-03T09:43:26.197189083+00:00,0.014940417
"1-Wire","reset",2025-09-03T09:43:26.212155042+00:00,0.014924167
"1-Wire","reset",2025-09-03T09:43:26.227095250+00:00,0.014958333
"1-Wire","reset",2025-09-03T09:43:26.242079167+00:00,0.014901042
"1-Wire","reset",2025-09-03T09:43:26.257005750+00:00,0.015004667
"1-Wire","reset",2025-09-03T09:43:26.272026500+00:00,0.014899833
"1-Wire","reset",2025-09-03T09:43:26.286942375+00:00,0.014900708
"1-Wire","reset",2025-09-03T09:43:26.301868625+00:00,0.014989958
"1-Wire","reset",2025-09-03T09:43:26.316893625+00:00,0.014892375
"1-Wire","reset",2025-09-03T09:43:26.331802042+00:00,0.014929417
"1-Wire","reset",2025-09-03T09:43:26.346747542+00:00,0.014929292
"1-Wire","reset",2025-09-03T09:43:26.361702375+00:00,0.014930042
"1-Wire","reset",2025-09-03T09:43:26.376657958+00:00,0.014958167
"1-Wire","reset",2025-09-03T09:43:26.391641667+00:00,0.014893458
"1-Wire","reset",2025-09-03T09:43:26.406560667+00:00,0.014920875
"1-Wire","reset",2025-09-03T09:43:26.421507083+00:00,0.014960125
"1-Wire","reset",2025-09-03T09:43:26.436492792+00:00,0.014910708
"1-Wire","reset",2025-09-03T09:43:26.451429042+00:00,0.014921917
"1-Wire","reset",2025-09-03T09:43:26.466376500+00:00,0.014967708
"1-Wire","reset",2025-09-03T09:43:26.481369750+00:00,0.014948417
"1-Wire","reset",2025-09-03T09:43:26.496334250+00:00,0.014907792
"1-Wire","reset",2025-09-03T09:43:26.511267583+00:00,0.014903458
"1-Wire","reset",2025-09-03T09:43:26.526206042+00:00,0.014926333
"1-Wire","reset",2025-09-03T09:43:26.541157917+00:00,0.014957583
"1-Wire","reset",2025-09-03T09:43:26.556131583+00:00,0.014956375
"1-Wire","reset",2025-09-03T09:43:26.571104000+00:00,0.01490025
"1-Wire","reset",2025-09-03T09:43:26.586029792+00:00,0.014963583
"1-Wire","reset",2025-09-03T09:43:26.601028417+00:00,0.014915667
"1-Wire","reset",2025-09-03T09:43:26.615979083+00:00,0.014950208
"1-Wire","reset",2025-09-03T09:43:26.630964333+00:00,0.014919875
"1-Wire","reset",2025-09-03T09:43:26.645909792+00:00,0.014923667
"1-Wire","reset",2025-09-03T09:43:26.660868500+00:00,0.014897917
"1-Wire","reset",2025-09-03T09:43:26.675782458+00:00,0.015018417
"1-Wire","reset",2025-09-03T09:43:26.690826417+00:00,0.014919125
"1-Wire","reset",2025-09-03T09:43:26.705771083+00:00,0.014967542
"1-Wire","reset",2025-09-03T09:43:26.720773625+00:00,0.014902792
"1-Wire","reset",2025-09-03T09:43:26.735702000+00:00,0.014902542
"1-Wire","reset",2025-09-03T09:43:26.750630083+00:00,0.014926208
"1-Wire","reset",2025-09-03T09:43:26.765610167+00:00,0.014906125
"1-Wire","reset",2025-09-03T09:43:26.780570167+00:00,0.014895958
"1-Wire","reset",2025-09-03T09:43:26.795520000+00:00,0.014897792
"1-Wire","reset",2025-09-03T09:43:26.810481167+00:00,0.014939
"1-Wire","reset",2025-09-03T09:43:26.825464583+00:00,0.014939417
"1-Wire","reset",2025-09-03T09:43:26.840448417+00:00,0.014856542
"1-Wire","reset",2025-09-03T09:43:26.855358458+00:00,0.014896625
"1-Wire","reset",2025-09-03T09:43:26.870308542+00:00,0.014932458
"1-Wire","reset",2025-09-03T09:43:26.885266542+00:00,0.014950375
"1-Wire","reset",2025-09-03T09:43:26.900242417+00:00,0.014941292
"1-Wire","reset",2025-09-03T09:43:26.915209250+00:00,0.014926667
"1-Wire","reset",2025-09-03T09:43:26.930180375+00:00,0.014909375
"1-Wire","reset",2025-09-03T09:43:26.945124708+00:00,0.014926
"1-Wire","reset",2025-09-03T09:43:26.960076250+00:00,0.014966875
"1-Wire","reset",2025-09-03T09:43:26.975087583+00:00,0.014880125
"1-Wire","reset",2025-09-03T09:43:26.989993250+00:00,0.014952375
"1-Wire","reset",2025-09-03T09:43:27.004980625+00:00,0.014946167
"1-Wire","reset",2025-09-03T09:43:27.019961792+00:00,0.014890875
"1-Wire","reset",2025-09-03T09:43:27.034878208+00:00,0.014972333
"1-Wire","reset",2025-09-03T09:43:27.049866583+00:00,0.014950917
"1-Wire","reset",2025-09-03T09:43:27.064843042+00:00,0.014900375
"1-Wire","reset",2025-09-03T09:43:27.079769000+00:00,0.014933292
"1-Wire","reset",2025-09-03T09:43:27.094737333+00:00,0.014925292
"1-Wire","reset",2025-09-03T09:43:27.109697667+00:00,0.014898292
"1-Wire","reset",2025-09-03T09:43:27.124631000+00:00,0.014933708
"1-Wire","reset",2025-09-03T09:43:27.139590292+00:00,0.014940625
"1-Wire","reset",2025-09-03T09:43:27.154546958+00:00,0.014958167
"1-Wire","reset",2025-09-03T09:43:27.169521167+00:00,0.014925167
"1-Wire","reset",2025-09-03T09:43:27.184509875+00:00,0.014875208
"1-Wire","reset",2025-09-03T09:43:27.199439000+00:00,0.014929917
"1-Wire","reset",2025-09-03T09:43:27.214422750+00:00,0.0148755
"1-Wire","reset",2025-09-03T09:43:27.229361625+00:00,0.014920708
"1-Wire","reset",2025-09-03T09:43:27.244336250+00:00,0.014876833
"1-Wire","reset",2025-09-03T09:43:27.259276458+00:00,0.014900167
"1-Wire","reset",2025-09-03T09:43:27.274230500+00:00,0.014876917
"1-Wire","reset",2025-09-03T09:43:27.289170792+00:00,0.01494125
"1-Wire","reset",2025-09-03T09:43:27.304165917+00:00,0.01484125
"1-Wire","reset",2025-09-03T09:43:27.319070542+00:00,0.014779542
"1-Wire","reset",2025-09-03T09:43:27.333904167+00:00,0.014862792
"1-Wire","reset",2025-09-03T09:43:27.348820833+00:00,0.015104
"1-Wire","reset",2025-09-03T09:43:27.363988167+00:00,0.014924667
"1-Wire","reset",2025-09-03T09:43:27.378966750+00:00,0.014965417
"1-Wire","reset",2025-09-03T09:43:27.393995500+00:00,0.014851958
"1-Wire","reset",2025-09-03T09:43:27.408901333+00:00,0.014863792
"1-Wire","reset",2025-09-03T09:43:27.423819042+00:00,0.014934833
"1-Wire","reset",2025-09-03T09:43:27.438807750+00:00,0.014869125
"1-Wire","reset",2025-09-03T09:43:27.453730750+00:00,0.014914917
"1-Wire","reset",2025-09-03T09:43:27.468689667+00:00,0.014921125
"1-Wire","reset",2025-09-03T09:43:27.483673958+00:00,0.014926833
"1-Wire","reset",2025-09-03T09:43:27.498635792+00:00,0.014945833
"1-Wire","reset",2025-09-03T09:43:27.513607125+00:00,0.014913208
"1-Wire","reset",2025-09-03T09:43:27.528555333+00:00,0.014983167
"1-Wire","reset",2025-09-03T09:43:27.543564083+00:00,0.014905792
"1-Wire","reset",2025-09-03T09:43:27.558485958+00:00,0.014914958
"1-Wire","reset",2025-09-03T09:43:27.573417000+00:00,0.014965417
"1-Wire","reset",2025-09-03T09:43:27.588398500+00:00,0.01492725
"1-Wire","reset",2025-09-03T09:43:27.603351292+00:00,0.014931208
"1-Wire","reset",2025-09-03T09:43:27.618308042+00:00,0.015000375
"1-Wire","reset",2025-09-03T09:43:27.633352875+00:00,0.0148575
"1-Wire","reset",2025-09-03T09:43:27.648254875+00:00,0.01491675
"1-Wire","reset",2025-09-03T09:43:27.663187708+00:00,0.014968292
"1-Wire","reset",2025-09-03T09:43:27.678191042+00:00,0.014887083
"1-Wire","reset",2025-09-03T09:43:27.693113167+00:00,0.014966833
"1-Wire","reset",2025-09-03T09:43:27.708105542+00:00,0.014945833
"1-Wire","reset",2025-09-03T09:43:27.723086375+00:00,0.014774208
"1-Wire","reset",2025-09-03T09:43:27.737876625+00:00,0.015063
"1-Wire","reset",2025-09-03T09:43:27.752955708+00:00,0.014830083
"1-Wire","reset",2025-09-03T09:43:27.767820792+00:00,0.015016833
"1-Wire","reset",2025-09-03T09:43:27.782863167+00:00,0.015034125
"1-Wire","reset",2025-09-03T09:43:27.797922833+00:00,0.014895792
"1-Wire","reset",2025-09-03T09:43:27.812834708+00:00,0.014926583
"1-Wire","reset",2025-09-03T09:43:27.827786833+00:00,0.014984708
"1-Wire","reset",2025-09-03T09:43:27.842806583+00:00,0.014893167
"1-Wire","reset",2025-09-03T09:43:27.857734792+00:00,0.014919917
"1-Wire","reset",2025-09-03T09:43:27.872680250+00:00,0.014966583
"1-Wire","reset",2025-09-03T09:43:27.887662875+00:00,0.014900875
"1-Wire","reset",2025-09-03T09:43:27.902636583+00:00,0.014909708
"1-Wire","reset",2025-09-03T09:43:27.917600208+00:00,0.014929083
"1-Wire","reset",2025-09-03T09:43:27.932583167+00:00,0.014919458
"1-Wire","reset",2025-09-03T09:43:27.947566000+00:00,0.014900208
"1-Wire","reset",2025-09-03T09:43:27.962520083+00:00,0.014873542
"1-Wire","reset",2025-09-03T09:43:27.977447500+00:00,0.014947375
"1-Wire","reset",2025-09-03T09:43:27.992448750+00:00,0.014853208
"1-Wire","reset",2025-09-03T09:43:28.007355833+00:00,0.014899583
"1-Wire","reset",2025-09-03T09:43:28.022309250+00:00,0.014954417
"1-Wire","reset",2025-09-03T09:43:28.037317750+00:00,0.014918875
"1-Wire","reset",2025-09-03T09:43:28.052290542+00:00,0.014906625
"1-Wire","reset",2025-09-03T09:43:28.067251042+00:00,0.014849833
"1-Wire","reset",2025-09-03T09:43:28.082164250+00:00,0.014949708
"1-Wire","reset",2025-09-03T09:43:28.097167833+00:00,0.014942958
"1-Wire","reset",2025-09-03T09:43:28.112183625+00:00,0.014860917
"1-Wire","reset",2025-09-03T09:43:28.127088958+00:00,0.014976292
"1-Wire","reset",2025-09-03T09:43:28.142109667+00:00,0.014862167
"1-Wire","reset",2025-09-03T09:43:28.157025750+00:00,0.0149375
"1-Wire","reset",2025-09-03T09:43:28.172007625+00:00,0.014891167
"1-Wire","reset",2025-09-03T09:43:28.186952875+00:00,0.014941917
"1-Wire","reset",2025-09-03T09:43:28.201939167+00:00,0.014849542
"1-Wire","reset",2025-09-03T09:43:28.216842583+00:00,0.014929125
"1-Wire","reset",2025-09-03T09:43:28.231816083+00:00,0.014918167
"1-Wire","reset",2025-09-03T09:43:28.246797583+00:00,0.014898417
"1-Wire","reset",2025-09-03T09:43:28.261768833+00:00,0.01489825
"1-Wire","reset",2025-09-03T09:43:28.276720958+00:00,0.014916125
"1-Wire","reset",2025-09-03T09:43:28.291690958+00:00,0.014861
"1-Wire","reset",2025-09-03T09:43:28.306615250+00:00,0.014960625
"1-Wire","reset",2025-09-03T09:43:28.321620250+00:00,0.014873958
"1-Wire","reset",2025-09-03T09:43:28.336548250+00:00,0.014951292
"1-Wire","reset",2025-09-03T09:43:28.351553417+00:00,0.0148635
"1-Wire","reset",2025-09-03T09:43:28.366470833+00:00,0.014882625
"1-Wire","reset",2025-09-03T09:43:28.381397458+00:00,0.014899708
"1-Wire","reset",2025-09-03T09:43:28.396350667+00:00,0.014939917
"1-Wire","reset",2025-09-03T09:43:28.411316125+00:00,0.014908292
"1-Wire","reset",2025-09-03T09:43:28.426249917+00:00,0.0149185
"1-Wire","reset",2025-09-03T09:43:28.441193958+00:00,0.014947083
"1-Wire","reset",2025-09-03T09:43:28.456166583+00:00,0.014919625
"1-Wire","reset",2025-09-03T09:43:28.471111750+00:00,0.014941167
"1-Wire","reset",2025-09-03T09:43:28.486078458+00:00,0.014948542
"1-Wire","reset",2025-09-03T09:43:28.501052542+00:00,0.014900542
"1-Wire","reset",2025-09-03T09:43:28.515988125+00:00,0.014928042
"1-Wire","reset",2025-09-03T09:43:28.530951208+00:00,0.014898208
"1-Wire","reset",2025-09-03T09:43:28.545884500+00:00,0.014956333
"1-Wire","reset",2025-09-03T09:43:28.560875875+00:00,0.0149185
"1-Wire","reset",2025-09-03T09:43:28.575819917+00:00,0.014925125
"1-Wire","reset",2025-09-03T09:43:28.590770583+00:00,0.014923375
"1-Wire","reset",2025-09-03T09:43:28.605710042+00:00,0.014912625
"1-Wire","reset",2025-09-03T09:43:28.620648208+00:00,0.014981792
"1-Wire","reset",2025-09-03T09:43:28.635655542+00:00,0.014926333
"1-Wire","reset",2025-09-03T09:43:28.650607417+00:00,0.01492725
"1-Wire","reset",2025-09-03T09:43:28.665569708+00:00,0.014928708
"1-Wire","reset",2025-09-03T09:43:28.680542875+00:00,0.014943083
"1-Wire","reset",2025-09-03T09:43:28.695520958+00:00,0.01492025
"1-Wire","reset",2025-09-03T09:43:28.710466750+00:00,0.014948125
"1-Wire","reset",2025-09-03T09:43:28.725449917+00:00,0.01490875
"1-Wire","reset",2025-09-03T09:43:28.740393708+00:00,0.014933375
"1-Wire","reset",2025-09-03T09:43:28.755352625+00:00,0.014956042
"1-Wire","reset",2025-09-03T09:43:28.770343667+00:00,0.014898375
"1-Wire","reset",2025-09-03T09:43:28.785277042+00:00,0.01492025
"1-Wire","reset",2025-09-03T09:43:28.800232333+00:00,0.022226792
"1-Wire","reset",2025-09-03T09:43:28.822494125+00:00,0.014998375
"1-Wire","reset",2025-09-03T09:43:28.837508542+00:00,0.014890375
"1-Wire","reset",2025-09-03T09:43:28.852433917+00:00,0.014989333
"1-Wire","reset",2025-09-03T09:43:28.867458250+00:00,0.015040125
"1-Wire","reset",2025-09-03T09:43:28.882523875+00:00,0.014859333
"1-Wire","reset",2025-09-03T09:43:28.897408750+00:00,0.01503575
"1-Wire","reset",2025-09-03T09:43:28.912470042+00:00,0.014908958
"1-Wire","reset",2025-09-03T09:43:28.927404542+00:00,0.014946458
"1-Wire","reset",2025-09-03T09:43:28.942385958+00:00,0.014911333
"1-Wire","reset",2025-09-03T09:43:28.957322833+00:00,0.014919958
"1-Wire","reset",2025-09-03T09:43:28.972268292+00:00,0.014967375
"1-Wire","reset",2025-09-03T09:43:28.987280125+00:00,0.01492275
"1-Wire","reset",2025-09-03T09:43:29.002218958+00:00,0.014997667
"1-Wire","reset",2025-09-03T09:43:29.017232667+00:00,0.014956333
"1-Wire","reset",2025-09-03T09:43:29.032214542+00:00,0.014929542
"1-Wire","reset",2025-09-03T09:43:29.047169625+00:00,0.01490075
"1-Wire","reset",2025-09-03T09:43:29.062086458+00:00,0.0149745
"1-Wire","reset",2025-09-03T09:43:29.077096000+00:00,0.014880667
"1-Wire","reset",2025-09-03T09:43:29.092002250+00:00,0.014949667
"1-Wire","reset",2025-09-03T09:43:29.106986958+00:00,0.014962458
"1-Wire","reset",2025-09-03T09:43:29.121974958+00:00,0.014881333
"1-Wire","reset",2025-09-03T09:43:29.136891292+00:00,0.014966958
"1-Wire","reset",2025-09-03T09:43:29.151883792+00:00,0.014908292
"1-Wire","reset",2025-09-03T09:43:29.166836542+00:00,0.014908375
"1-Wire","reset",2025-09-03T09:43:29.181798833+00:00,0.014915083
"1-Wire","reset",2025-09-03T09:43:29.196758333+00:00,0.01490425
"1-Wire","reset",2025-09-03T09:43:29.211725625+00:00,0.014961667
"1-Wire","reset",2025-09-03T09:43:29.226750292+00:00,0.014818167
"1-Wire","reset",2025-09-03T09:43:29.241594042+00:00,0.015007542
"1-Wire","reset",2025-09-03T09:43:29.256646083+00:00,0.014904958
"1-Wire","reset",2025-09-03T09:43:29.271586083+00:00,0.01489625
"1-Wire","reset",2025-09-03T09:43:29.286507875+00:00,0.014941208
"1-Wire","reset",2025-09-03T09:43:29.301484125+00:00,0.014882167
"1-Wire","reset",2025-09-03T09:43:29.316401333+00:00,0.014952167
"1-Wire","reset",2025-09-03T09:43:29.331379083+00:00,0.014939
"1-Wire","reset",2025-09-03T09:43:29.346343625+00:00,0.014903125
"1-Wire","reset",2025-09-03T09:43:29.361281792+00:00,0.01498
"1-Wire","reset",2025-09-03T09:43:29.376277833+00:00,0.014895583
"1-Wire","reset",2025-09-03T09:43:29.391199000+00:00,0.014950708
"1-Wire","reset",2025-09-03T09:43:29.406184750+00:00,0.014912667
"1-Wire","reset",2025-09-03T09:43:29.421113500+00:00,0.014943792
"1-Wire","reset",2025-09-03T09:43:29.436082792+00:00,0.014913542
"1-Wire","reset",2025-09-03T09:43:29.451031333+00:00,0.014968958
"1-Wire","reset",2025-09-03T09:43:29.466035333+00:00,0.014885708
"1-Wire","reset",2025-09-03T09:43:29.480946583+00:00,0.014939333
"1-Wire","reset",2025-09-03T09:43:29.495911417+00:00,0.014933042
"1-Wire","reset",2025-09-03T09:43:29.510879458+00:00,0.014911625
"1-Wire","reset",2025-09-03T09:43:29.525826125+00:00,0.014903917
"1-Wire","reset",2025-09-03T09:43:29.540755583+00:00,0.014988167
"1-Wire","reset",2025-09-03T09:43:29.555778792+00:00,0.014837375
"1-Wire","reset",2025-09-03T09:43:29.570651208+00:00,0.01496875
"1-Wire","reset",2025-09-03T09:43:29.585645500+00:00,0.014947667
"1-Wire","reset",2025-09-03T09:43:29.600618667+00:00,0.0149295
"1-Wire","reset",2025-09-03T09:43:29.615573708+00:00,0.014932208
"1-Wire","reset",2025-09-03T09:43:29.630540917+00:00,0.014892417
"1-Wire","reset",2025-09-03T09:43:29.645468375+00:00,0.014923542
"1-Wire","reset",2025-09-03T09:43:29.660426958+00:00,0.014912083
"1-Wire","reset",2025-09-03T09:43:29.675364583+00:00,0.014966708
"1-Wire","reset",2025-09-03T09:43:29.690356833+00:00,0.014886042
"1-Wire","reset",2025-09-03T09:43:29.705268417+00:00,0.014951042
"1-Wire","reset",2025-09-03T09:43:29.720245000+00:00,0.014953667
"1-Wire","reset",2025-09-03T09:43:29.735224250+00:00,0.0149195
"1-Wire","reset",2025-09-03T09:43:29.750178792+00:00,0.014952292
"1-Wire","reset",2025-09-03T09:43:29.765156667+00:00,0.01490625
"1-Wire","reset",2025-09-03T09:43:29.780088500+00:00,0.014940625
"1-Wire","reset",2025-09-03T09:43:29.795054667+00:00,0.014940375
"1-Wire","reset",2025-09-03T09:43:29.810020583+00:00,0.014895
"1-Wire","reset",2025-09-03T09:43:29.824941167+00:00,0.014959042
"1-Wire","reset",2025-09-03T09:43:29.839935250+00:00,0.014934042
"1-Wire","reset",2025-09-03T09:43:29.854894792+00:00,0.01499025
"1-Wire","reset",2025-09-03T09:43:29.869929542+00:00,0.014859792
"1-Wire","reset",2025-09-03T09:43:29.884814833+00:00,0.014913583
"1-Wire","reset",2025-09-03T09:43:29.899763458+00:00,0.014963792
"1-Wire","reset",2025-09-03T09:43:29.914752833+00:00,0.014906875
"1-Wire","reset",2025-09-03T09:43:29.929685208+00:00,0.014936875
"1-Wire","reset",2025-09-03T09:43:29.944647625+00:00,0.014952875
"1-Wire","reset",2025-09-03T09:43:29.959626042+00:00,0.014864125
"1-Wire","reset",2025-09-03T09:43:29.974525208+00:00,0.014950833
"1-Wire","reset",2025-09-03T09:43:29.989511042+00:00,0.014922458
"1-Wire","reset",2025-09-03T09:43:30.004459042+00:00,0.014932083
"1-Wire","reset",2025-09-03T09:43:30.019416667+00:00,0.014924875
"1-Wire","reset",2025-09-03T09:43:30.034376583+00:00,0.014912792
"1-Wire","reset",2025-09-03T09:43:30.049324375+00:00,0.01491975
"1-Wire","reset",2025-09-03T09:43:30.064269667+00:00,0.014979125
"1-Wire","reset",2025-09-03T09:43:30.079264833+00:00,0.014913667
"1-Wire","reset",2025-09-03T09:43:30.094222958+00:00,0.014920625
"1-Wire","reset",2025-09-03T09:43:30.109169167+00:00,0.014904083
"1-Wire","reset",2025-09-03T09:43:30.124136625+00:00,0.014932708
"1-Wire","reset",2025-09-03T09:43:30.139113917+00:00,0.014738583
"1-Wire","reset",2025-09-03T09:43:30.153896917+00:00,0.014904208
"1-Wire","reset",2025-09-03T09:43:30.168855042+00:00,0.014906792
"1-Wire","reset",2025-09-03T09:43:30.183825208+00:00,0.015042208
"1-Wire","reset",2025-09-03T09:43:30.198930792+00:00,0.01492475
"1-Wire","reset",2025-09-03T09:43:30.213909417+00:00,0.014898708
"1-Wire","reset",2025-09-03T09:43:30.228852583+00:00,0.014904625
"1-Wire","reset",2025-09-03T09:43:30.243820542+00:00,0.014909042
"1-Wire","reset",2025-09-03T09:43:30.258783500+00:00,0.014917167
"1-Wire","reset",2025-09-03T09:43:30.273764042+00:00,0.014864458
"1-Wire","reset",2025-09-03T09:43:30.288701542+00:00,0.014899708
"1-Wire","reset",2025-09-03T09:43:30.303655125+00:00,0.014885458
"1-Wire","reset",2025-09-03T09:43:30.318603958+00:00,0.014905958
"1-Wire","reset",2025-09-03T09:43:30.333573250+00:00,0.014926083
"1-Wire","reset",2025-09-03T09:43:30.348562667+00:00,0.014851917
"1-Wire","reset",2025-09-03T09:43:30.363477917+00:00,0.01490825
"1-Wire","reset",2025-09-03T09:43:30.378449542+00:00,0.014918542
"1-Wire","reset",2025-09-03T09:43:30.393422000+00:00,0.014908083
"1-Wire","reset",2025-09-03T09:43:30.408393458+00:00,0.014839458
"1-Wire","reset",2025-09-03T09:43:30.423277333+00:00,0.014954917
"1-Wire","reset",2025-09-03T09:43:30.438286333+00:00,0.014960875
"1-Wire","reset",2025-09-03T09:43:30.453291625+00:00,0.014833083
"1-Wire","reset",2025-09-03T09:43:30.468178583+00:00,0.01488375
"1-Wire","reset",2025-09-03T09:43:30.483125667+00:00,0.014975333
"1-Wire","reset",2025-09-03T09:43:30.498164375+00:00,0.014922208
"1-Wire","reset",2025-09-03T09:43:30.513149958+00:00,0.014928875
"1-Wire","reset",2025-09-03T09:43:30.528132708+00:00,0.01485425
"1-Wire","reset",2025-09-03T09:43:30.543040792+00:00,0.014966167
"1-Wire","reset",2025-09-03T09:43:30.558070292+00:00,0.01488925
"1-Wire","reset",2025-09-03T09:43:30.573003958+00:00,0.014745375
"1-Wire","reset",2025-09-03T09:43:30.587812833+00:00,0.014875167
"1-Wire","reset",2025-09-03T09:43:30.602751375+00:00,0.015029125
"1-Wire","reset",2025-09-03T09:43:30.617843875+00:00,0.014956417
"1-Wire","reset",2025-09-03T09:43:30.632863667+00:00,0.014868583
"1-Wire","reset",2025-09-03T09:43:30.647795583+00:00,0.014886917
"1-Wire","reset",2025-09-03T09:43:30.662745875+00:00,0.014882417
"1-Wire","reset",2025-09-03T09:43:30.677682208+00:00,0.014933917
"1-Wire","reset",2025-09-03T09:43:30.692679500+00:00,0.014899417
"1-Wire","reset",2025-09-03T09:43:30.707632792+00:00,0.014892333
"1-Wire","reset",2025-09-03T09:43:30.722579042+00:00,0.0148485
"1-Wire","reset",2025-09-03T09:43:30.737481250+00:00,0.0149635
"1-Wire","reset",2025-09-03T09:43:30.752498292+00:00,0.014960167
"1-Wire","reset",2025-09-03T09:43:30.767484000+00:00,0.014885
"1-Wire","reset",2025-09-03T09:43:30.782404042+00:00,0.014937792
"1-Wire","reset",2025-09-03T09:43:30.797367375+00:00,0.014931
"1-Wire","reset",2025-09-03T09:43:30.812342833+00:00,0.014885875
"1-Wire","reset",2025-09-03T09:43:30.827254250+00:00,0.01492075
"1-Wire","reset",2025-09-03T09:43:30.842200542+00:00,0.014942167
"1-Wire","reset",2025-09-03T09:43:30.857168250+00:00,0.014925875
"1-Wire","reset",2025-09-03T09:43:30.872119667+00:00,0.014991125
"1-Wire","reset",2025-09-03T09:43:30.887136333+00:00,0.014878333
"1-Wire","reset",2025-09-03T09:43:30.902040208+00:00,0.014959667
"1-Wire","reset",2025-09-03T09:43:30.917025417+00:00,0.014884667
"1-Wire","reset",2025-09-03T09:43:30.931935625+00:00,0.014989083
"1-Wire","reset",2025-09-03T09:43:30.946950250+00:00,0.014943083
"1-Wire","reset",2025-09-03T09:43:30.961918875+00:00,0.01492225
"1-Wire","reset",2025-09-03T09:43:30.976866667+00:00,0.014914667
"1-Wire","reset",2025-09-03T09:43:30.991816375+00:00,0.014919583
"1-Wire","reset",2025-09-03T09:43:31.006761500+00:00,0.014929
"1-Wire","reset",2025-09-03T09:43:31.021734958+00:00,0.014943875
"1-Wire","reset",2025-09-03T09:43:31.036704375+00:00,0.014942083
"1-Wire","reset",2025-09-03T09:43:31.051681500+00:00,0.014911167
"1-Wire","reset",2025-09-03T09:43:31.066637167+00:00,0.014916125
"1-Wire","reset",2025-09-03T09:43:31.081578833+00:00,0.01498175
"1-Wire","reset",2025-09-03T09:43:31.096605083+00:00,0.0148365
"1-Wire","reset",2025-09-03T09:43:31.111476625+00:00,0.01494225
"1-Wire","reset",2025-09-03T09:43:31.126434958+00:00,0.014930833
"1-Wire","reset",2025-09-03T09:43:31.141400792+00:00,0.014903417
"1-Wire","reset",2025-09-03T09:43:31.156339250+00:00,0.014916708
"1-Wire","reset",2025-09-03T09:43:31.171281500+00:00,0.014980333
"1-Wire","reset",2025-09-03T09:43:31.186287375+00:00,0.014876542
"1-Wire","reset",2025-09-03T09:43:31.201198958+00:00,0.014959625
"1-Wire","reset",2025-09-03T09:43:31.216184125+00:00,0.014948
"1-Wire","reset",2025-09-03T09:43:31.231167125+00:00,0.014880625
"1-Wire","reset",2025-09-03T09:43:31.246082792+00:00,0.014986042
"1-Wire","reset",2025-09-03T09:43:31.261094375+00:00,0.014874208
"1-Wire","reset",2025-09-03T09:43:31.276013042+00:00,0.014903542
"1-Wire","reset",2025-09-03T09:43:31.290942125+00:00,0.014956917
"1-Wire","reset",2025-09-03T09:43:31.305934083+00:00,0.01489925
"1-Wire","reset",2025-09-03T09:43:31.320858833+00:00,0.014999708
"1-Wire","reset",2025-09-03T09:43:31.335893583+00:00,0.014848042
"1-Wire","reset",2025-09-03T09:43:31.350786042+00:00,0.014865542
"1-Wire","reset",2025-09-03T09:43:31.365714958+00:00,0.014939042
"1-Wire","reset",2025-09-03T09:43:31.380717375+00:00,0.014920667
"1-Wire","reset",2025-09-03T09:43:31.395691917+00:00,0.01487625
"1-Wire","reset",2025-09-03T09:43:31.410631500+00:00,0.014864167
"1-Wire","reset",2025-09-03T09:43:31.425549542+00:00,0.014929042
"1-Wire","reset",2025-09-03T09:43:31.440541958+00:00,0.014894333
"1-Wire","reset",2025-09-03T09:43:31.455490208+00:00,0.014926958
"1-Wire","reset",2025-09-03T09:43:31.470471250+00:00,0.01491775
"1-Wire","reset",2025-09-03T09:43:31.485433417+00:00,0.014846
"1-Wire","reset",2025-09-03T09:43:31.500333250+00:00,0.014961167
"1-Wire","reset",2025-09-03T09:43:31.515338833+00:00,0.022204167
"1-Wire","reset",2025-09-03T09:43:31.537615750+00:00,0.014905292
"1-Wire","reset",2025-09-03T09:43:31.552565417+00:00,0.014952458
"1-Wire","reset",2025-09-03T09:43:31.567571750+00:00,0.014952
"1-Wire","reset",2025-09-03T09:43:31.582577625+00:00,0.014945292
"1-Wire","reset",2025-09-03T09:43:31.597576750+00:00,0.014903792
"1-Wire","reset",2025-09-03T09:43:31.612524958+00:00,0.014932417
"1-Wire","reset",2025-09-03T09:43:31.627520875+00:00,0.014922833
"1-Wire","reset",2025-09-03T09:43:31.642497542+00:00,0.014860208
"1-Wire","reset",2025-09-03T09:43:31.657411583+00:00,0.014899458
"1-Wire","reset",2025-09-03T09:43:31.672374375+00:00,0.014928667
"1-Wire","reset",2025-09-03T09:43:31.687356875+00:00,0.0148885
"1-Wire","reset",2025-09-03T09:43:31.702299208+00:00,0.014948292
"1-Wire","reset",2025-09-03T09:43:31.717301333+00:00,0.014870292
"1-Wire","reset",2025-09-03T09:43:31.732225458+00:00,0.014975
"1-Wire","reset",2025-09-03T09:43:31.747244792+00:00,0.014892583
"1-Wire","reset",2025-09-03T09:43:31.762200667+00:00,0.014844708
"1-Wire","reset",2025-09-03T09:43:31.777108917+00:00,0.01489625
"1-Wire","reset",2025-09-03T09:43:31.792068542+00:00,0.0149675
"1-Wire","reset",2025-09-03T09:43:31.807080458+00:00,0.014892042
"1-Wire","reset",2025-09-03T09:43:31.822035833+00:00,0.01494825
"1-Wire","reset",2025-09-03T09:43:31.837037917+00:00,0.014862125
"1-Wire","reset",2025-09-03T09:43:31.851963375+00:00,0.014883167
"1-Wire","reset",2025-09-03T09:43:31.866909875+00:00,0.014944
"1-Wire","reset",2025-09-03T09:43:31.881917208+00:00,0.014928625
"1-Wire","reset",2025-09-03T09:43:31.896918667+00:00,0.014814208
"1-Wire","reset",2025-09-03T09:43:31.911796250+00:00,0.014932
"1-Wire","reset",2025-09-03T09:43:31.926791792+00:00,0.014889208
"1-Wire","reset",2025-09-03T09:43:31.941744333+00:00,0.014937625
"1-Wire","reset",2025-09-03T09:43:31.956735792+00:00,0.01491075
"1-Wire","reset",2025-09-03T09:43:31.971700417+00:00,0.014836583
"1-Wire","reset",2025-09-03T09:43:31.986590917+00:00,0.014935958
"1-Wire","reset",2025-09-03T09:43:32.001580750+00:00,0.01490975
"1-Wire","reset",2025-09-03T09:43:32.016544333+00:00,0.014901458
"1-Wire","reset",2025-09-03T09:43:32.031499667+00:00,0.014917583
"1-Wire","reset",2025-09-03T09:43:32.046480583+00:00,0.014920333
"1-Wire","reset",2025-09-03T09:43:32.061454792+00:00,0.014861917
"1-Wire","reset",2025-09-03T09:43:32.076370792+00:00,0.014984292
"1-Wire","reset",2025-09-03T09:43:32.091408917+00:00,0.014842375
"1-Wire","reset",2025-09-03T09:43:32.106314625+00:00,0.014901667
"1-Wire","reset",2025-09-03T09:43:32.121289125+00:00,0.014964042
"1-Wire","reset",2025-09-03T09:43:32.136316500+00:00,0.014868833
"1-Wire","reset",2025-09-03T09:43:32.151258208+00:00,0.014894667
"1-Wire","reset",2025-09-03T09:43:32.166216250+00:00,0.014905542
"1-Wire","reset",2025-09-03T09:43:32.181165792+00:00,0.014844875
"1-Wire","reset",2025-09-03T09:43:32.196054667+00:00,0.014959625
"1-Wire","reset",2025-09-03T09:43:32.211049292+00:00,0.014903292
"1-Wire","reset",2025-09-03T09:43:32.225987583+00:00,0.014937542
"1-Wire","reset",2025-09-03T09:43:32.240950667+00:00,0.014908083
"1-Wire","reset",2025-09-03T09:43:32.255903208+00:00,0.0148925
"1-Wire","reset",2025-09-03T09:43:32.270821208+00:00,0.014958583
"1-Wire","reset",2025-09-03T09:43:32.285824250+00:00,0.014905458
"1-Wire","reset",2025-09-03T09:43:32.300774208+00:00,0.014912667
"1-Wire","reset",2025-09-03T09:43:32.315721917+00:00,0.014968792
"1-Wire","reset",2025-09-03T09:43:32.330735125+00:00,0.014851208
"1-Wire","reset",2025-09-03T09:43:32.345640333+00:00,0.014952708
"1-Wire","reset",2025-09-03T09:43:32.360656375+00:00,0.014893
"1-Wire","reset",2025-09-03T09:43:32.375622167+00:00,0.014835208
"1-Wire","reset",2025-09-03T09:43:32.390520750+00:00,0.01492975
"1-Wire","reset",2025-09-03T09:43:32.405523375+00:00,0.01487325
"1-Wire","reset",2025-09-03T09:43:32.420459958+00:00,0.014905875
"1-Wire","reset",2025-09-03T09:43:32.435429167+00:00,0.014871375
"1-Wire","reset",2025-09-03T09:43:32.450354417+00:00,0.014894583
"1-Wire","reset",2025-09-03T09:43:32.465321833+00:00,0.014819917
"1-Wire","reset",2025-09-03T09:43:32.480204667+00:00,0.01496775
"1-Wire","reset",2025-09-03T09:43:32.495235542+00:00,0.01491225
"1-Wire","reset",2025-09-03T09:43:32.510182792+00:00,0.014922917
"1-Wire","reset",2025-09-03T09:43:32.525121792+00:00,0.014978833
"1-Wire","reset",2025-09-03T09:43:32.540116667+00:00,0.014883833
"1-Wire","reset",2025-09-03T09:43:32.555035500+00:00,0.014952917
"1-Wire","reset",2025-09-03T09:43:32.570013958+00:00,0.01493375
"1-Wire","reset",2025-09-03T09:43:32.584973250+00:00,0.01487725
"1-Wire","reset",2025-09-03T09:43:32.599876042+00:00,0.014922958
"1-Wire","reset",2025-09-03T09:43:32.614824542+00:00,0.014961875
"1-Wire","reset",2025-09-03T09:43:32.629802500+00:00,0.01502075
"1-Wire","reset",2025-09-03T09:43:32.644848792+00:00,0.014867583
"1-Wire","reset",2025-09-03T09:43:32.659732458+00:00,0.014961917
"1-Wire","reset",2025-09-03T09:43:32.674710458+00:00,0.0149435
"1-Wire","reset",2025-09-03T09:43:32.689689000+00:00,0.014917458
"1-Wire","reset",2025-09-03T09:43:32.704641458+00:00,0.01489325
"1-Wire","reset",2025-09-03T09:43:32.719550792+00:00,0.014988833
"1-Wire","reset",2025-09-03T09:43:32.734584083+00:00,0.014884125
"1-Wire","reset",2025-09-03T09:43:32.749503208+00:00,0.014904208
"1-Wire","reset",2025-09-03T09:43:32.764432958+00:00,0.014933333
"1-Wire","reset",2025-09-03T09:43:32.779391833+00:00,0.014933958
"1-Wire","reset",2025-09-03T09:43:32.794351333+00:00,0.014970417
"1-Wire","reset",2025-09-03T09:43:32.809347292+00:00,0.014921458
"1-Wire","reset",2025-09-03T09:43:32.824313208+00:00,0.014912208
"1-Wire","reset",2025-09-03T09:43:32.839260458+00:00,0.014934417
"1-Wire","reset",2025-09-03T09:43:32.854210917+00:00,0.014943042
"1-Wire","reset",2025-09-03T09:43:32.869179458+00:00,0.014955792
"1-Wire","reset",2025-09-03T09:43:32.884160792+00:00,0.014897708
"1-Wire","reset",2025-09-03T09:43:32.899074583+00:00,0.01497125
"1-Wire","reset",2025-09-03T09:43:32.914080875+00:00,0.01494425
"1-Wire","reset",2025-09-03T09:43:32.929041167+00:00,0.014884417
"1-Wire","reset",2025-09-03T09:43:32.943941667+00:00,0.0148165
"1-Wire","reset",2025-09-03T09:43:32.958783708+00:00,0.014930583
"1-Wire","reset",2025-09-03T09:43:32.973739833+00:00,0.0151165
"1-Wire","reset",2025-09-03T09:43:32.988891375+00:00,0.014848
"1-Wire","reset",2025-09-03T09:43:33.003764917+00:00,0.014961667
"1-Wire","reset",2025-09-03T09:43:33.018752125+00:00,0.014959667
"1-Wire","reset",2025-09-03T09:43:33.033737333+00:00,0.01488775
"1-Wire","reset",2025-09-03T09:43:33.048650625+00:00,0.014915208
"1-Wire","reset",2025-09-03T09:43:33.063591375+00:00,0.014928667
"1-Wire","reset",2025-09-03T09:43:33.078555042+00:00,0.014922417
"1-Wire","reset",2025-09-03T09:43:33.093531333+00:00,0.014921833
"1-Wire","reset",2025-09-03T09:43:33.108516500+00:00,0.014901792
"1-Wire","reset",2025-09-03T09:43:33.123462667+00:00,0.014883625
"1-Wire","reset",2025-09-03T09:43:33.138400167+00:00,0.0149505
"1-Wire","reset",2025-09-03T09:43:33.153404542+00:00,0.014862792
"1-Wire","reset",2025-09-03T09:43:33.168330667+00:00,0.014873458
"1-Wire","reset",2025-09-03T09:43:33.183267500+00:00,0.014921958
"1-Wire","reset",2025-09-03T09:43:33.198262292+00:00,0.014886792
"1-Wire","reset",2025-09-03T09:43:33.213212458+00:00,0.014893583
"1-Wire","reset",2025-09-03T09:43:33.228169583+00:00,0.014872625
"1-Wire","reset",2025-09-03T09:43:33.243096083+00:00,0.014936
"1-Wire","reset",2025-09-03T09:43:33.258095458+00:00,0.014866083
"1-Wire","reset",2025-09-03T09:43:33.273024917+00:00,0.014913167
"1-Wire","reset",2025-09-03T09:43:33.287991958+00:00,0.014902833
"1-Wire","reset",2025-09-03T09:43:33.302958125+00:00,0.014771542
"1-Wire","reset",2025-09-03T09:43:33.317793042+00:00,0.014948333
"1-Wire","reset",2025-09-03T09:43:33.332785792+00:00,0.01495725
"1-Wire","reset",2025-09-03T09:43:33.347806375+00:00,0.014905417
"1-Wire","reset",2025-09-03T09:43:33.362765667+00:00,0.014949833
"1-Wire","reset",2025-09-03T09:43:33.377779000+00:00,0.014858458
"1-Wire","reset",2025-09-03T09:43:33.392691292+00:00,0.014915917
"1-Wire","reset",2025-09-03T09:43:33.407670583+00:00,0.014885208
"1-Wire","reset",2025-09-03T09:43:33.422628583+00:00,0.014866458
"1-Wire","reset",2025-09-03T09:43:33.437548917+00:00,0.014943917
"1-Wire","reset",2025-09-03T09:43:33.452546667+00:00,0.014876292
"1-Wire","reset",2025-09-03T09:43:33.467476833+00:00,0.0147885
"1-Wire","reset",2025-09-03T09:43:33.482318833+00:00,0.015103917
"1-Wire","reset",2025-09-03T09:43:33.497466750+00:00,0.014801583
"1-Wire","reset",2025-09-03T09:43:33.512340792+00:00,0.014950583
"1-Wire","reset",2025-09-03T09:43:33.527316875+00:00,0.014905708
"1-Wire","reset",2025-09-03T09:43:33.542257542+00:00,0.014962417
"1-Wire","reset",2025-09-03T09:43:33.557236042+00:00,0.014944708
"1-Wire","reset",2025-09-03T09:43:33.572196792+00:00,0.014938083
"1-Wire","reset",2025-09-03T09:43:33.587169917+00:00,0.014883375
"1-Wire","reset",2025-09-03T09:43:33.602097875+00:00,0.014942458
"1-Wire","reset",2025-09-03T09:43:33.617084750+00:00,0.014894583
"1-Wire","reset",2025-09-03T09:43:33.632033208+00:00,0.014939083
"1-Wire","reset",2025-09-03T09:43:33.647026167+00:00,0.014880208
"1-Wire","reset",2025-09-03T09:43:33.661960292+00:00,0.01493625
"1-Wire","reset",2025-09-03T09:43:33.676950417+00:00,0.0148795
"1-Wire","reset",2025-09-03T09:43:33.691883792+00:00,0.014905292
"1-Wire","reset",2025-09-03T09:43:33.706852458+00:00,0.014907333
"1-Wire","reset",2025-09-03T09:43:33.721813667+00:00,0.014885375
"1-Wire","reset",2025-09-03T09:43:33.736762375+00:00,0.014942667
"1-Wire","reset",2025-09-03T09:43:33.751768583+00:00,0.014866917
"1-Wire","reset",2025-09-03T09:43:33.766708333+00:00,0.014876125
"1-Wire","reset",2025-09-03T09:43:33.781638333+00:00,0.014938
"1-Wire","reset",2025-09-03T09:43:33.796639667+00:00,0.014862917
"1-Wire","reset",2025-09-03T09:43:33.811556417+00:00,0.014944583
"1-Wire","reset",2025-09-03T09:43:33.826554875+00:00,0.0148585
"1-Wire","reset",2025-09-03T09:43:33.841457750+00:00,0.014912
"1-Wire","reset",2025-09-03T09:43:33.856414167+00:00,0.014904958
"1-Wire","reset",2025-09-03T09:43:33.871373000+00:00,0.014941708
"1-Wire","reset",2025-09-03T09:43:33.886368583+00:00,0.014884375
"1-Wire","reset",2025-09-03T09:43:33.901316500+00:00,0.014864333
"1-Wire","reset",2025-09-03T09:43:33.916244208+00:00,0.014923042
"1-Wire","reset",2025-09-03T09:43:33.931230583+00:00,0.014905458
"1-Wire","reset",2025-09-03T09:43:33.946189917+00:00,0.014893917
"1-Wire","reset",2025-09-03T09:43:33.961147208+00:00,0.014899042
"1-Wire","reset",2025-09-03T09:43:33.976100125+00:00,0.014856583
"1-Wire","reset",2025-09-03T09:43:33.991020042+00:00,0.014913042
"1-Wire","reset",2025-09-03T09:43:34.005996458+00:00,0.014935875
"1-Wire","reset",2025-09-03T09:43:34.020986208+00:00,0.014867167
"1-Wire","reset",2025-09-03T09:43:34.035897792+00:00,0.0149435
"1-Wire","reset",2025-09-03T09:43:34.050904833+00:00,0.014856375
"1-Wire","reset",2025-09-03T09:43:34.065815083+00:00,0.0149015
"1-Wire","reset",2025-09-03T09:43:34.080779917+00:00,0.014911083
"1-Wire","reset",2025-09-03T09:43:34.095744875+00:00,0.014940833
"1-Wire","reset",2025-09-03T09:43:34.110739542+00:00,0.01487675
"1-Wire","reset",2025-09-03T09:43:34.125689083+00:00,0.014922583
"1-Wire","reset",2025-09-03T09:43:34.140656042+00:00,0.014873958
"1-Wire","reset",2025-09-03T09:43:34.155583833+00:00,0.014908458
"1-Wire","reset",2025-09-03T09:43:34.170536708+00:00,0.014893167
"1-Wire","reset",2025-09-03T09:43:34.185483750+00:00,0.014926917
"1-Wire","reset",2025-09-03T09:43:34.200483667+00:00,0.022156667
"1-Wire","reset",2025-09-03T09:43:34.222684708+00:00,0.014923375
"1-Wire","reset",2025-09-03T09:43:34.237671375+00:00,0.014964958
"1-Wire","reset",2025-09-03T09:43:34.252699667+00:00,0.014942458
"1-Wire","reset",2025-09-03T09:43:34.267686500+00:00,0.014940458
"1-Wire","reset",2025-09-03T09:43:34.282671333+00:00,0.014961042
"1-Wire","reset",2025-09-03T09:43:34.297676750+00:00,0.014874875
"1-Wire","reset",2025-09-03T09:43:34.312614958+00:00,0.014911917
"1-Wire","reset",2025-09-03T09:43:34.327580708+00:00,0.0148955
"1-Wire","reset",2025-09-03T09:43:34.342530083+00:00,0.014895583
"1-Wire","reset",2025-09-03T09:43:34.357498625+00:00,0.014893792
"1-Wire","reset",2025-09-03T09:43:34.372465250+00:00,0.014938208
"1-Wire","reset",2025-09-03T09:43:34.387447875+00:00,0.014830875
"1-Wire","reset",2025-09-03T09:43:34.402342083+00:00,0.014913833
"1-Wire","reset",2025-09-03T09:43:34.417309750+00:00,0.014951708
"1-Wire","reset",2025-09-03T09:43:34.432324750+00:00,0.014859083
"1-Wire","reset",2025-09-03T09:43:34.447247167+00:00,0.014951667
"1-Wire","reset",2025-09-03T09:43:34.462252708+00:00,0.014864083
"1-Wire","reset",2025-09-03T09:43:34.477170625+00:00,0.014866333
"1-Wire","reset",2025-09-03T09:43:34.492090875+00:00,0.014913542
"1-Wire","reset",2025-09-03T09:43:34.507058458+00:00,0.014903875
"1-Wire","reset",2025-09-03T09:43:34.522006708+00:00,0.014895083
"1-Wire","reset",2025-09-03T09:43:34.536974625+00:00,0.014879
"1-Wire","reset",2025-09-03T09:43:34.551926042+00:00,0.014992292
"1-Wire","reset",2025-09-03T09:43:34.566990750+00:00,0.014886458
"1-Wire","reset",2025-09-03T09:43:34.581902750+00:00,0.014864417
"1-Wire","reset",2025-09-03T09:43:34.596811625+00:00,0.014911
"1-Wire","reset",2025-09-03T09:43:34.611748167+00:00,0.014950958
"1-Wire","reset",2025-09-03T09:43:34.626724667+00:00,0.014907542
"1-Wire","reset",2025-09-03T09:43:34.641667208+00:00,0.014979208
"1-Wire","reset",2025-09-03T09:43:34.656681417+00:00,0.014893083
"1-Wire","reset",2025-09-03T09:43:34.671600042+00:00,0.014942292
"1-Wire","reset",2025-09-03T09:43:34.686577333+00:00,0.014905417
"1-Wire","reset",2025-09-03T09:43:34.701508250+00:00,0.014934083
"1-Wire","reset",2025-09-03T09:43:34.716486792+00:00,0.014906917
"1-Wire","reset",2025-09-03T09:43:34.731438167+00:00,0.014932667
"1-Wire","reset",2025-09-03T09:43:34.746405875+00:00,0.014912125
"1-Wire","reset",2025-09-03T09:43:34.761353042+00:00,0.014919
"1-Wire","reset",2025-09-03T09:43:34.776307083+00:00,0.014910375
"1-Wire","reset",2025-09-03T09:43:34.791243000+00:00,0.014951042
"1-Wire","reset",2025-09-03T09:43:34.806229083+00:00,0.014884958
"1-Wire","reset",2025-09-03T09:43:34.821149042+00:00,0.014962458
"1-Wire","reset",2025-09-03T09:43:34.836137042+00:00,0.014923292
"1-Wire","reset",2025-09-03T09:43:34.851114250+00:00,0.014899333
"1-Wire","reset",2025-09-03T09:43:34.866057958+00:00,0.014902458
"1-Wire","reset",2025-09-03T09:43:34.881023750+00:00,0.014864958
"1-Wire","reset",2025-09-03T09:43:34.895942583+00:00,0.0149015
"1-Wire","reset",2025-09-03T09:43:34.910897917+00:00,0.014880125
"1-Wire","reset",2025-09-03T09:43:34.925851042+00:00,0.0149485
"1-Wire","reset",2025-09-03T09:43:34.940853417+00:00,0.014924208
"1-Wire","reset",2025-09-03T09:43:34.955822000+00:00,0.014847208
"1-Wire","reset",2025-09-03T09:43:34.970742083+00:00,0.014959667
"1-Wire","reset",2025-09-03T09:43:34.985746167+00:00,0.014873542
"1-Wire","reset",2025-09-03T09:43:35.000664125+00:00,0.014904125
"1-Wire","reset",2025-09-03T09:43:35.015612667+00:00,0.014872875
"1-Wire","reset",2025-09-03T09:43:35.030529917+00:00,0.014941083
"1-Wire","reset",2025-09-03T09:43:35.045524458+00:00,0.014901708
"1-Wire","reset",2025-09-03T09:43:35.060489125+00:00,0.014938833
"1-Wire","reset",2025-09-03T09:43:35.075444042+00:00,0.0149
"1-Wire","reset",2025-09-03T09:43:35.090360125+00:00,0.014939958
"1-Wire","reset",2025-09-03T09:43:35.105325583+00:00,0.014904042
"1-Wire","reset",2025-09-03T09:43:35.120264625+00:00,0.014918583
"1-Wire","reset",2025-09-03T09:43:35.135227667+00:00,0.014929875
"1-Wire","reset",2025-09-03T09:43:35.150173625+00:00,0.014978208
"1-Wire","reset",2025-09-03T09:43:35.165177375+00:00,0.0149325
"1-Wire","reset",2025-09-03T09:43:35.180154333+00:00,0.014895958
"1-Wire","reset",2025-09-03T09:43:35.195075833+00:00,0.014939958
"1-Wire","reset",2025-09-03T09:43:35.210050792+00:00,0.014933167
"1-Wire","reset",2025-09-03T09:43:35.225009500+00:00,0.0149145
"1-Wire","reset",2025-09-03T09:43:35.239959000+00:00,0.014912333
"1-Wire","reset",2025-09-03T09:43:35.254915792+00:00,0.014903208
"1-Wire","reset",2025-09-03T09:43:35.269854000+00:00,0.014977708
"1-Wire","reset",2025-09-03T09:43:35.284866708+00:00,0.014895417
"1-Wire","reset",2025-09-03T09:43:35.299778208+00:00,0.014912542
"1-Wire","reset",2025-09-03T09:43:35.314725750+00:00,0.014931792
"1-Wire","reset",2025-09-03T09:43:35.329702042+00:00,0.0148875
"1-Wire","reset",2025-09-03T09:43:35.344615042+00:00,0.01491425
"1-Wire","reset",2025-09-03T09:43:35.359564292+00:00,0.014959958
"1-Wire","reset",2025-09-03T09:43:35.374549750+00:00,0.014957833
"1-Wire","reset",2025-09-03T09:43:35.389533125+00:00,0.014971875
"1-Wire","reset",2025-09-03T09:43:35.404521083+00:00,0.014934
"1-Wire","reset",2025-09-03T09:43:35.419480625+00:00,0.01490475
"1-Wire","reset",2025-09-03T09:43:35.434420417+00:00,0.014920833
"1-Wire","reset",2025-09-03T09:43:35.449376250+00:00,0.014932083
"1-Wire","reset",2025-09-03T09:43:35.464324375+00:00,0.01495925
"1-Wire","reset",2025-09-03T09:43:35.479318625+00:00,0.014883792
"1-Wire","reset",2025-09-03T09:43:35.494227917+00:00,0.014966083
"1-Wire","reset",2025-09-03T09:43:35.509229000+00:00,0.014914208
"1-Wire","reset",2025-09-03T09:43:35.524178208+00:00,0.014931
"1-Wire","reset",2025-09-03T09:43:35.539144167+00:00,0.0149365
"1-Wire","reset",2025-09-03T09:43:35.554115667+00:00,0.014899333
"1-Wire","reset",2025-09-03T09:43:35.569040542+00:00,0.014904833
"1-Wire","reset",2025-09-03T09:43:35.583989875+00:00,0.014918417
"1-Wire","reset",2025-09-03T09:43:35.598943333+00:00,0.014839792
"1-Wire","reset",2025-09-03T09:43:35.613818125+00:00,0.014849625
"1-Wire","reset",2025-09-03T09:43:35.628712208+00:00,0.015022833
"1-Wire","reset",2025-09-03T09:43:35.643770042+00:00,0.014737
"1-Wire","reset",2025-09-03T09:43:35.658523125+00:00,0.015144625
"1-Wire","reset",2025-09-03T09:43:35.673693292+00:00,0.014919542
"1-Wire","reset",2025-09-03T09:43:35.688628917+00:00,0.015005917
"1-Wire","reset",2025-09-03T09:43:35.703669875+00:00,0.014891083
"1-Wire","reset",2025-09-03T09:43:35.718595958+00:00,0.01487175
"1-Wire","reset",2025-09-03T09:43:35.733502750+00:00,0.014985125
"1-Wire","reset",2025-09-03T09:43:35.748513417+00:00,0.014865625
"1-Wire","reset",2025-09-03T09:43:35.763414042+00:00,0.014922333
"1-Wire","reset",2025-09-03T09:43:35.778361917+00:00,0.014937417
"1-Wire","reset",2025-09-03T09:43:35.793315375+00:00,0.014936292
"1-Wire","reset",2025-09-03T09:43:35.808277250+00:00,0.014964917
"1-Wire","reset",2025-09-03T09:43:35.823286625+00:00,0.014920083
"1-Wire","reset",2025-09-03T09:43:35.838222792+00:00,0.014923583
"1-Wire","reset",2025-09-03T09:43:35.853171958+00:00,0.014882542
"1-Wire","reset",2025-09-03T09:43:35.868099000+00:00,0.014956042
"1-Wire","reset",2025-09-03T09:43:35.883080583+00:00,0.014894125
"1-Wire","reset",2025-09-03T09:43:35.898019167+00:00,0.014926042
"1-Wire","reset",2025-09-03T09:43:35.912970750+00:00,0.014923542
"1-Wire","reset",2025-09-03T09:43:35.927929333+00:00,0.014919625
"1-Wire","reset",2025-09-03T09:43:35.942874500+00:00,0.014955292
"1-Wire","reset",2025-09-03T09:43:35.957864792+00:00,0.014826667
"1-Wire","reset",2025-09-03T09:43:35.972717000+00:00,0.014911917
"1-Wire","reset",2025-09-03T09:43:35.987654458+00:00,0.014980458
"1-Wire","reset",2025-09-03T09:43:36.002660458+00:00,0.014938625
"1-Wire","reset",2025-09-03T09:43:36.017624625+00:00,0.014946083
"1-Wire","reset",2025-09-03T09:43:36.032605708+00:00,0.014944917
"1-Wire","reset",2025-09-03T09:43:36.047576167+00:00,0.01485125
"1-Wire","reset",2025-09-03T09:43:36.062500417+00:00,0.014929708
"1-Wire","reset",2025-09-03T09:43:36.077484000+00:00,0.01490875
"1-Wire","reset",2025-09-03T09:43:36.092446667+00:00,0.014892333
"1-Wire","reset",2025-09-03T09:43:36.107411833+00:00,0.014899875
"1-Wire","reset",2025-09-03T09:43:36.122375042+00:00,0.014859875
"1-Wire","reset",2025-09-03T09:43:36.137288750+00:00,0.014920458
"1-Wire","reset",2025-09-03T09:43:36.152253583+00:00,0.014882083
"1-Wire","reset",2025-09-03T09:43:36.167199083+00:00,0.014938167
"1-Wire","reset",2025-09-03T09:43:36.182191167+00:00,0.01489325
"1-Wire","reset",2025-09-03T09:43:36.197138292+00:00,0.014861708
"1-Wire","reset",2025-09-03T09:43:36.212044583+00:00,0.014938417
"1-Wire","reset",2025-09-03T09:43:36.227036875+00:00,0.014870708
"1-Wire","reset",2025-09-03T09:43:36.241970917+00:00,0.014925083
"1-Wire","reset",2025-09-03T09:43:36.256940375+00:00,0.014906042
"1-Wire","reset",2025-09-03T09:43:36.271900250+00:00,0.014855042
"1-Wire","reset",2025-09-03T09:43:36.286809167+00:00,0.01493925
"1-Wire","reset",2025-09-03T09:43:36.301802292+00:00,0.01490275
"1-Wire","reset",2025-09-03T09:43:36.316758917+00:00,0.014901667
"1-Wire","reset",2025-09-03T09:43:36.331705000+00:00,0.014888917
"1-Wire","reset",2025-09-03T09:43:36.346666750+00:00,0.014861833
"1-Wire","reset",2025-09-03T09:43:36.361592125+00:00,0.014899542
"1-Wire","reset",2025-09-03T09:43:36.376555000+00:00,0.014906875
"1-Wire","reset",2025-09-03T09:43:36.391506292+00:00,0.014929708
"1-Wire","reset",2025-09-03T09:43:36.406489917+00:00,0.014896875
"1-Wire","reset",2025-09-03T09:43:36.421440667+00:00,0.014884708
"1-Wire","reset",2025-09-03T09:43:36.436379250+00:00,0.014883625
"1-Wire","reset",2025-09-03T09:43:36.451307292+00:00,0.01491425
"1-Wire","reset",2025-09-03T09:43:36.466275417+00:00,0.014901417
"1-Wire","reset",2025-09-03T09:43:36.481240208+00:00,0.014889625
"1-Wire","reset",2025-09-03T09:43:36.496183708+00:00,0.014935042
"1-Wire","reset",2025-09-03T09:43:36.511182250+00:00,0.014908083
"1-Wire","reset",2025-09-03T09:43:36.526144167+00:00,0.014849583
"1-Wire","reset",2025-09-03T09:43:36.541047625+00:00,0.014892208
"1-Wire","reset",2025-09-03T09:43:36.556003125+00:00,0.01489025
"1-Wire","reset",2025-09-03T09:43:36.570947208+00:00,0.014945417
"1-Wire","reset",2025-09-03T09:43:36.585937000+00:00,0.014869417
"1-Wire","reset",2025-09-03T09:43:36.600850792+00:00,0.014946125
"1-Wire","reset",2025-09-03T09:43:36.615860292+00:00,0.014820333
"1-Wire","reset",2025-09-03T09:43:36.630734500+00:00,0.014932667
"1-Wire","reset",2025-09-03T09:43:36.645739958+00:00,0.014920792
"1-Wire","reset",2025-09-03T09:43:36.660724292+00:00,0.014854458
"1-Wire","reset",2025-09-03T09:43:36.675632625+00:00,0.014939792
"1-Wire","reset",2025-09-03T09:43:36.690626250+00:00,0.014856208
"1-Wire","reset",2025-09-03T09:43:36.705526875+00:00,0.021883542
"1-Wire","reset",2025-09-03T09:43:36.727464250+00:00,0.015275083
"1-Wire","reset",2025-09-03T09:43:36.742783708+00:00,0.01490275
"1-Wire","reset",2025-09-03T09:43:36.757749750+00:00,0.015014042
"1-Wire","reset",2025-09-03T09:43:36.772817625+00:00,0.014874042
"1-Wire","reset",2025-09-03T09:43:36.787764042+00:00,0.014923292
"1-Wire","reset",2025-09-03T09:43:36.802750250+00:00,0.014948542
"1-Wire","reset",2025-09-03T09:43:36.817724292+00:00,0.014881958
"1-Wire","reset",2025-09-03T09:43:36.832641250+00:00,0.01494025
"1-Wire","reset",2025-09-03T09:43:36.847607042+00:00,0.014911458
"1-Wire","reset",2025-09-03T09:43:36.862544042+00:00,0.014968042
"1-Wire","reset",2025-09-03T09:43:36.877547083+00:00,0.014908917
"1-Wire","reset",2025-09-03T09:43:36.892472042+00:00,0.014929917
"1-Wire","reset",2025-09-03T09:43:36.907418042+00:00,0.01492625
"1-Wire","reset",2025-09-03T09:43:36.922369833+00:00,0.014924917
"1-Wire","reset",2025-09-03T09:43:36.937329750+00:00,0.014926708
"1-Wire","reset",2025-09-03T09:43:36.952281958+00:00,0.014921458
"1-Wire","reset",2025-09-03T09:43:36.967228917+00:00,0.014941292
"1-Wire","reset",2025-09-03T09:43:36.982195708+00:00,0.014933875
"1-Wire","reset",2025-09-03T09:43:36.997174000+00:00,0.014897333
"1-Wire","reset",2025-09-03T09:43:37.012096833+00:00,0.014907542
"1-Wire","reset",2025-09-03T09:43:37.027029917+00:00,0.014909542
"1-Wire","reset",2025-09-03T09:43:37.041974458+00:00,0.014955458
"1-Wire","reset",2025-09-03T09:43:37.056945958+00:00,0.014953292
"1-Wire","reset",2025-09-03T09:43:37.071924792+00:00,0.014895708
"1-Wire","reset",2025-09-03T09:43:37.086865000+00:00,0.014921333
"1-Wire","reset",2025-09-03T09:43:37.101821333+00:00,0.014929083
"1-Wire","reset",2025-09-03T09:43:37.116785417+00:00,0.014925958
"1-Wire","reset",2025-09-03T09:43:37.131755875+00:00,0.014925667
"1-Wire","reset",2025-09-03T09:43:37.146707042+00:00,0.014869792
"1-Wire","reset",2025-09-03T09:43:37.161592917+00:00,0.014964833
"1-Wire","reset",2025-09-03T09:43:37.176573833+00:00,0.014880333
"1-Wire","reset",2025-09-03T09:43:37.191470250+00:00,0.014971833
"1-Wire","reset",2025-09-03T09:43:37.206486583+00:00,0.014882417
"1-Wire","reset",2025-09-03T09:43:37.221394542+00:00,0.014963
"1-Wire","reset",2025-09-03T09:43:37.236392542+00:00,0.014952958
"1-Wire","reset",2025-09-03T09:43:37.251371083+00:00,0.014901167
"1-Wire","reset",2025-09-03T09:43:37.266307250+00:00,0.014944208
"1-Wire","reset",2025-09-03T09:43:37.281267500+00:00,0.014896583
"1-Wire","reset",2025-09-03T09:43:37.296189625+00:00,0.014927542
"1-Wire","reset",2025-09-03T09:43:37.311152167+00:00,0.01496625
"1-Wire","reset",2025-09-03T09:43:37.326134500+00:00,0.014889333
"1-Wire","reset",2025-09-03T09:43:37.341068333+00:00,0.014901042
"1-Wire","reset",2025-09-03T09:43:37.355994958+00:00,0.014892042
"1-Wire","reset",2025-09-03T09:43:37.370912542+00:00,0.014990083
"1-Wire","reset",2025-09-03T09:43:37.385928167+00:00,0.014870833
"1-Wire","reset",2025-09-03T09:43:37.400853083+00:00,0.014935083
"1-Wire","reset",2025-09-03T09:43:37.415842042+00:00,0.014876083
"1-Wire","reset",2025-09-03T09:43:37.430781500+00:00,0.014861583
"1-Wire","reset",2025-09-03T09:43:37.445706417+00:00,0.014923083
"1-Wire","reset",2025-09-03T09:43:37.460692875+00:00,0.014863917
"1-Wire","reset",2025-09-03T09:43:37.475601167+00:00,0.014900792
"1-Wire","reset",2025-09-03T09:43:37.490565375+00:00,0.014899083
"1-Wire","reset",2025-09-03T09:43:37.505508875+00:00,0.014935042
"1-Wire","reset",2025-09-03T09:43:37.520488333+00:00,0.01489825
"1-Wire","reset",2025-09-03T09:43:37.535440458+00:00,0.014921542
"1-Wire","reset",2025-09-03T09:43:37.550406583+00:00,0.01488325
"1-Wire","reset",2025-09-03T09:43:37.565334250+00:00,0.014951833
"1-Wire","reset",2025-09-03T09:43:37.580340000+00:00,0.014878917
"1-Wire","reset",2025-09-03T09:43:37.595263333+00:00,0.014884042
"1-Wire","reset",2025-09-03T09:43:37.610210708+00:00,0.014888125
"1-Wire","reset",2025-09-03T09:43:37.625152708+00:00,0.014909792
"1-Wire","reset",2025-09-03T09:43:37.640125833+00:00,0.014891
"1-Wire","reset",2025-09-03T09:43:37.655080167+00:00,0.014893792
"1-Wire","reset",2025-09-03T09:43:37.670018333+00:00,0.014926958
"1-Wire","reset",2025-09-03T09:43:37.685018125+00:00,0.014822917
"1-Wire","reset",2025-09-03T09:43:37.699904167+00:00,0.014984292
"1-Wire","reset",2025-09-03T09:43:37.714951458+00:00,0.014848667
"1-Wire","reset",2025-09-03T09:43:37.729825667+00:00,0.014932667
"1-Wire","reset",2025-09-03T09:43:37.744793333+00:00,0.014903458
"1-Wire","reset",2025-09-03T09:43:37.759722333+00:00,0.014927875
"1-Wire","reset",2025-09-03T09:43:37.774675750+00:00,0.014942583
"1-Wire","reset",2025-09-03T09:43:37.789643875+00:00,0.014923542
"1-Wire","reset",2025-09-03T09:43:37.804592958+00:00,0.014948292
"1-Wire","reset",2025-09-03T09:43:37.819557333+00:00,0.014920417
"1-Wire","reset",2025-09-03T09:43:37.834522208+00:00,0.014884042
"1-Wire","reset",2025-09-03T09:43:37.849441292+00:00,0.014866417
"1-Wire","reset",2025-09-03T09:43:37.864342708+00:00,0.014923833
"1-Wire","reset",2025-09-03T09:43:37.879282583+00:00,0.014970167
"1-Wire","reset",2025-09-03T09:43:37.894278292+00:00,0.014943875
"1-Wire","reset",2025-09-03T09:43:37.909266667+00:00,0.014877417
"1-Wire","reset",2025-09-03T09:43:37.924169625+00:00,0.014914292
"1-Wire","reset",2025-09-03T09:43:37.939109458+00:00,0.014914708
"1-Wire","reset",2025-09-03T09:43:37.954059167+00:00,0.014926167
"1-Wire","reset",2025-09-03T09:43:37.969010875+00:00,0.014894042
"1-Wire","reset",2025-09-03T09:43:37.983939958+00:00,0.014961875
"1-Wire","reset",2025-09-03T09:43:37.998927375+00:00,0.0148965
"1-Wire","reset",2025-09-03T09:43:38.013858875+00:00,0.014924542
"1-Wire","reset",2025-09-03T09:43:38.028808958+00:00,0.014761583
"1-Wire","reset",2025-09-03T09:43:38.043586625+00:00,0.014893792
"1-Wire","reset",2025-09-03T09:43:38.058505958+00:00,0.014964708
"1-Wire","reset",2025-09-03T09:43:38.073505667+00:00,0.015094042
"1-Wire","reset",2025-09-03T09:43:38.088625208+00:00,0.014894667
"1-Wire","reset",2025-09-03T09:43:38.103554875+00:00,0.014919667
"1-Wire","reset",2025-09-03T09:43:38.118500083+00:00,0.014927167
"1-Wire","reset",2025-09-03T09:43:38.133452833+00:00,0.014900458
"1-Wire","reset",2025-09-03T09:43:38.148369375+00:00,0.01496225
"1-Wire","reset",2025-09-03T09:43:38.163366625+00:00,0.014935958
"1-Wire","reset",2025-09-03T09:43:38.178337583+00:00,0.014920875
"1-Wire","reset",2025-09-03T09:43:38.193274542+00:00,0.014902792
"1-Wire","reset",2025-09-03T09:43:38.208212417+00:00,0.014972833
"1-Wire","reset",2025-09-03T09:43:38.223220250+00:00,0.014884875
"1-Wire","reset",2025-09-03T09:43:38.238130667+00:00,0.014886917
"1-Wire","reset",2025-09-03T09:43:38.253043125+00:00,0.014942458
"1-Wire","reset",2025-09-03T09:43:38.268020583+00:00,0.0149055
"1-Wire","reset",2025-09-03T09:43:38.282961125+00:00,0.014947792
"1-Wire","reset",2025-09-03T09:43:38.297925000+00:00,0.01497425
"1-Wire","reset",2025-09-03T09:43:38.312924792+00:00,0.014847667
"1-Wire","reset",2025-09-03T09:43:38.327798000+00:00,0.014978625
"1-Wire","reset",2025-09-03T09:43:38.342792708+00:00,0.014869708
"1-Wire","reset",2025-09-03T09:43:38.357706875+00:00,0.014850417
"1-Wire","reset",2025-09-03T09:43:38.372592292+00:00,0.015
"1-Wire","reset",2025-09-03T09:43:38.387617833+00:00,0.014982917
"1-Wire","reset",2025-09-03T09:43:38.402626292+00:00,0.014890875
"1-Wire","reset",2025-09-03T09:43:38.417552167+00:00,0.014906583
"1-Wire","reset",2025-09-03T09:43:38.432474833+00:00,0.014975
"1-Wire","reset",2025-09-03T09:43:38.447475375+00:00,0.014868208
"1-Wire","reset",2025-09-03T09:43:38.462378583+00:00,0.014933167
"1-Wire","reset",2025-09-03T09:43:38.477337292+00:00,0.014942
"1-Wire","reset",2025-09-03T09:43:38.492314292+00:00,0.014926417
"1-Wire","reset",2025-09-03T09:43:38.507285208+00:00,0.014886583
"1-Wire","reset",2025-09-03T09:43:38.522197333+00:00,0.014947292
"1-Wire","reset",2025-09-03T09:43:38.537179625+00:00,0.014871208
"1-Wire","reset",2025-09-03T09:43:38.552085833+00:00,0.0149825
"1-Wire","reset",2025-09-03T09:43:38.567103375+00:00,0.014889708
"1-Wire","reset",2025-09-03T09:43:38.582018625+00:00,0.014951625
"1-Wire","reset",2025-09-03T09:43:38.597005292+00:00,0.014887208
"1-Wire","reset",2025-09-03T09:43:38.611918042+00:00,0.014919708
"1-Wire","reset",2025-09-03T09:43:38.626863292+00:00,0.014917083
"1-Wire","reset",2025-09-03T09:43:38.641834250+00:00,0.014942333
"1-Wire","reset",2025-09-03T09:43:38.656821000+00:00,0.014866917
"1-Wire","reset",2025-09-03T09:43:38.671751292+00:00,0.014936875
"1-Wire","reset",2025-09-03T09:43:38.686742042+00:00,0.014853042
"1-Wire","reset",2025-09-03T09:43:38.701658417+00:00,0.014898542
"1-Wire","reset",2025-09-03T09:43:38.716610875+00:00,0.014881583
"1-Wire","reset",2025-09-03T09:43:38.731545958+00:00,0.014921083
"1-Wire","reset",2025-09-03T09:43:38.746530000+00:00,0.014901417
"1-Wire","reset",2025-09-03T09:43:38.761456958+00:00,0.01495675
"1-Wire","reset",2025-09-03T09:43:38.776439250+00:00,0.014909167
"1-Wire","reset",2025-09-03T09:43:38.791383458+00:00,0.014956625
"1-Wire","reset",2025-09-03T09:43:38.806365625+00:00,0.014913917
"1-Wire","reset",2025-09-03T09:43:38.821305083+00:00,0.014907042
"1-Wire","reset",2025-09-03T09:43:38.836237667+00:00,0.014908208
"1-Wire","reset",2025-09-03T09:43:38.851171417+00:00,0.014944208
"1-Wire","reset",2025-09-03T09:43:38.866150667+00:00,0.014906875
"1-Wire","reset",2025-09-03T09:43:38.881083042+00:00,0.014933625
"1-Wire","reset",2025-09-03T09:43:38.896032750+00:00,0.014918792
"1-Wire","reset",2025-09-03T09:43:38.910986542+00:00,0.014955583
"1-Wire","reset",2025-09-03T09:43:38.925977167+00:00,0.014909125
"1-Wire","reset",2025-09-03T09:43:38.940911833+00:00,0.014918667
"1-Wire","reset",2025-09-03T09:43:38.955856000+00:00,0.014946917
"1-Wire","reset",2025-09-03T09:43:38.970828458+00:00,0.01490725
"1-Wire","reset",2025-09-03T09:43:38.985761292+00:00,0.014927792
"1-Wire","reset",2025-09-03T09:43:39.000705125+00:00,0.014906875
"1-Wire","reset",2025-09-03T09:43:39.015637542+00:00,0.014966667
"1-Wire","reset",2025-09-03T09:43:39.030639250+00:00,0.021866875
"1-Wire","reset",2025-09-03T09:43:39.052531667+00:00,0.015295833
"1-Wire","reset",2025-09-03T09:43:39.067871958+00:00,0.014863458
"1-Wire","reset",2025-09-03T09:43:39.082779917+00:00,0.01500525
"1-Wire","reset",2025-09-03T09:43:39.097810708+00:00,0.015026583
"1-Wire","reset",2025-09-03T09:43:39.112862875+00:00,0.014916625
"1-Wire","reset",2025-09-03T09:43:39.127814542+00:00,0.014860792
"1-Wire","reset",2025-09-03T09:43:39.142700875+00:00,0.014981042
"1-Wire","reset",2025-09-03T09:43:39.157716917+00:00,0.014891792
"1-Wire","reset",2025-09-03T09:43:39.172624750+00:00,0.014981958
"1-Wire","reset",2025-09-03T09:43:39.187622750+00:00,0.014878625
"1-Wire","reset",2025-09-03T09:43:39.202536375+00:00,0.014928375
"1-Wire","reset",2025-09-03T09:43:39.217490250+00:00,0.014912875
"1-Wire","reset",2025-09-03T09:43:39.232428667+00:00,0.014977917
"1-Wire","reset",2025-09-03T09:43:39.247432083+00:00,0.01491025
"1-Wire","reset",2025-09-03T09:43:39.262367875+00:00,0.014909167
"1-Wire","reset",2025-09-03T09:43:39.277312000+00:00,0.014956833
"1-Wire","reset",2025-09-03T09:43:39.292284875+00:00,0.014929333
"1-Wire","reset",2025-09-03T09:43:39.307258667+00:00,0.014898417
"1-Wire","reset",2025-09-03T09:43:39.322192125+00:00,0.014939708
"1-Wire","reset",2025-09-03T09:43:39.337166833+00:00,0.014881792
"1-Wire","reset",2025-09-03T09:43:39.352083625+00:00,0.014953125
"1-Wire","reset",2025-09-03T09:43:39.367062250+00:00,0.014922625
"1-Wire","reset",2025-09-03T09:43:39.382010417+00:00,0.014897208
"1-Wire","reset",2025-09-03T09:43:39.396933167+00:00,0.014948375
"1-Wire","reset",2025-09-03T09:43:39.411907083+00:00,0.014937333
"1-Wire","reset",2025-09-03T09:43:39.426869958+00:00,0.014919417
"1-Wire","reset",2025-09-03T09:43:39.441833833+00:00,0.014934375
"1-Wire","reset",2025-09-03T09:43:39.456793708+00:00,0.014931042
"1-Wire","reset",2025-09-03T09:43:39.471759750+00:00,0.014940417
"1-Wire","reset",2025-09-03T09:43:39.486725708+00:00,0.014943542
"1-Wire","reset",2025-09-03T09:43:39.501694792+00:00,0.014847167
"1-Wire","reset",2025-09-03T09:43:39.516567542+00:00,0.014951708
"1-Wire","reset",2025-09-03T09:43:39.531535333+00:00,0.014935667
"1-Wire","reset",2025-09-03T09:43:39.546506042+00:00,0.0149435
"1-Wire","reset",2025-09-03T09:43:39.561475083+00:00,0.014906583
"1-Wire","reset",2025-09-03T09:43:39.576426167+00:00,0.0149265
"1-Wire","reset",2025-09-03T09:43:39.591378208+00:00,0.014919125
"1-Wire","reset",2025-09-03T09:43:39.606322875+00:00,0.01491475
"1-Wire","reset",2025-09-03T09:43:39.621263167+00:00,0.014890292
"1-Wire","reset",2025-09-03T09:43:39.636169500+00:00,0.014992375
"1-Wire","reset",2025-09-03T09:43:39.651177958+00:00,0.01491525
"1-Wire","reset",2025-09-03T09:43:39.666128250+00:00,0.014911792
"1-Wire","reset",2025-09-03T09:43:39.681084500+00:00,0.014915333
"1-Wire","reset",2025-09-03T09:43:39.696034833+00:00,0.014937208
"1-Wire","reset",2025-09-03T09:43:39.710988083+00:00,0.014927542
"1-Wire","reset",2025-09-03T09:43:39.725931708+00:00,0.01495325
"1-Wire","reset",2025-09-03T09:43:39.740910500+00:00,0.014874042
"1-Wire","reset",2025-09-03T09:43:39.755848042+00:00,0.014909875
"1-Wire","reset",2025-09-03T09:43:39.770811833+00:00,0.014928667
"1-Wire","reset",2025-09-03T09:43:39.785803917+00:00,0.014859708
"1-Wire","reset",2025-09-03T09:43:39.800708042+00:00,0.01493
"1-Wire","reset",2025-09-03T09:43:39.815682458+00:00,0.014883125
"1-Wire","reset",2025-09-03T09:43:39.830629000+00:00,0.014890917
"1-Wire","reset",2025-09-03T09:43:39.845583292+00:00,0.01487275
"1-Wire","reset",2025-09-03T09:43:39.860509917+00:00,0.014911792
"1-Wire","reset",2025-09-03T09:43:39.875475625+00:00,0.01491025
"1-Wire","reset",2025-09-03T09:43:39.890439792+00:00,0.01491075
"1-Wire","reset",2025-09-03T09:43:39.905395125+00:00,0.014915167
"1-Wire","reset",2025-09-03T09:43:39.920364167+00:00,0.014879583
"1-Wire","reset",2025-09-03T09:43:39.935316625+00:00,0.014897542
"1-Wire","reset",2025-09-03T09:43:39.950258583+00:00,0.014880458
"1-Wire","reset",2025-09-03T09:43:39.965202417+00:00,0.014935792
"1-Wire","reset",2025-09-03T09:43:39.980182625+00:00,0.01484925
"1-Wire","reset",2025-09-03T09:43:39.995085750+00:00,0.014959792
"1-Wire","reset",2025-09-03T09:43:40.010118417+00:00,0.014831167
"1-Wire","reset",2025-09-03T09:43:40.024994000+00:00,0.01492475
"1-Wire","reset",2025-09-03T09:43:40.039982083+00:00,0.0148705
"1-Wire","reset",2025-09-03T09:43:40.054906667+00:00,0.014898792
"1-Wire","reset",2025-09-03T09:43:40.069868792+00:00,0.014925125
"1-Wire","reset",2025-09-03T09:43:40.084857208+00:00,0.014888875
"1-Wire","reset",2025-09-03T09:43:40.099809458+00:00,0.014860792
"1-Wire","reset",2025-09-03T09:43:40.114724167+00:00,0.014937458
"1-Wire","reset",2025-09-03T09:43:40.129725000+00:00,0.014866
"1-Wire","reset",2025-09-03T09:43:40.144654375+00:00,0.014914083
"1-Wire","reset",2025-09-03T09:43:40.159631833+00:00,0.014887875
"1-Wire","reset",2025-09-03T09:43:40.174564167+00:00,0.014828833
"1-Wire","reset",2025-09-03T09:43:40.189437417+00:00,0.014951125
"1-Wire","reset",2025-09-03T09:43:40.204442625+00:00,0.014867917
"1-Wire","reset",2025-09-03T09:43:40.219364417+00:00,0.014895583
"1-Wire","reset",2025-09-03T09:43:40.234304417+00:00,0.014954292
"1-Wire","reset",2025-09-03T09:43:40.249312583+00:00,0.01484125
"1-Wire","reset",2025-09-03T09:43:40.264198250+00:00,0.014928625
"1-Wire","reset",2025-09-03T09:43:40.279171292+00:00,0.01492225
"1-Wire","reset",2025-09-03T09:43:40.294147458+00:00,0.014914417
"1-Wire","reset",2025-09-03T09:43:40.309115750+00:00,0.014890042
"1-Wire","reset",2025-09-03T09:43:40.324059667+00:00,0.014858542
"1-Wire","reset",2025-09-03T09:43:40.338962625+00:00,0.014969875
"1-Wire","reset",2025-09-03T09:43:40.353986542+00:00,0.014821042
"1-Wire","reset",2025-09-03T09:43:40.368852042+00:00,0.01493175
"1-Wire","reset",2025-09-03T09:43:40.383837708+00:00,0.0147335
"1-Wire","reset",2025-09-03T09:43:40.398625083+00:00,0.015026458
"1-Wire","reset",2025-09-03T09:43:40.413724375+00:00,0.014923375
"1-Wire","reset",2025-09-03T09:43:40.428711083+00:00,0.014855417
"1-Wire","reset",2025-09-03T09:43:40.443639333+00:00,0.014887958
"1-Wire","reset",2025-09-03T09:43:40.458571667+00:00,0.014913708
"1-Wire","reset",2025-09-03T09:43:40.473539250+00:00,0.014925292
"1-Wire","reset",2025-09-03T09:43:40.488508917+00:00,0.014875583
"1-Wire","reset",2025-09-03T09:43:40.503438583+00:00,0.014914542
"1-Wire","reset",2025-09-03T09:43:40.518407000+00:00,0.014857958
"1-Wire","reset",2025-09-03T09:43:40.533328292+00:00,0.014848292
"1-Wire","reset",2025-09-03T09:43:40.548239917+00:00,0.014916875
"1-Wire","reset",2025-09-03T09:43:40.563220167+00:00,0.014905125
"1-Wire","reset",2025-09-03T09:43:40.578188667+00:00,0.01490375
"1-Wire","reset",2025-09-03T09:43:40.593136833+00:00,0.014874625
"1-Wire","reset",2025-09-03T09:43:40.608055875+00:00,0.014878375
"1-Wire","reset",2025-09-03T09:43:40.622997583+00:00,0.014918042
"1-Wire","reset",2025-09-03T09:43:40.637969500+00:00,0.014946667
"1-Wire","reset",2025-09-03T09:43:40.652970250+00:00,0.014901042
"1-Wire","reset",2025-09-03T09:43:40.667915750+00:00,0.014873083
"1-Wire","reset",2025-09-03T09:43:40.682852208+00:00,0.014911833
"1-Wire","reset",2025-09-03T09:43:40.697827417+00:00,0.014888333
"1-Wire","reset",2025-09-03T09:43:40.712769625+00:00,0.014830917
"1-Wire","reset",2025-09-03T09:43:40.727654458+00:00,0.014904375
"1-Wire","reset",2025-09-03T09:43:40.742622167+00:00,0.014964042
"1-Wire","reset",2025-09-03T09:43:40.757640083+00:00,0.0149125
"1-Wire","reset",2025-09-03T09:43:40.772615958+00:00,0.014874125
"1-Wire","reset",2025-09-03T09:43:40.787543958+00:00,0.014893208
"1-Wire","reset",2025-09-03T09:43:40.802500708+00:00,0.014908708
"1-Wire","reset",2025-09-03T09:43:40.817463292+00:00,0.014843208
"1-Wire","reset",2025-09-03T09:43:40.832360375+00:00,0.014976
"1-Wire","reset",2025-09-03T09:43:40.847399750+00:00,0.014889125
"1-Wire","reset",2025-09-03T09:43:40.862352167+00:00,0.0148725
"1-Wire","reset",2025-09-03T09:43:40.877288042+00:00,0.014861917
"1-Wire","reset",2025-09-03T09:43:40.892213333+00:00,0.014897583
"1-Wire","reset",2025-09-03T09:43:40.907174292+00:00,0.014921542
"1-Wire","reset",2025-09-03T09:43:40.922159208+00:00,0.01489125
"1-Wire","reset",2025-09-03T09:43:40.937123292+00:00,0.014846333
"1-Wire","reset",2025-09-03T09:43:40.952033208+00:00,0.014883875
"1-Wire","reset",2025-09-03T09:43:40.966970958+00:00,0.014902917
"1-Wire","reset",2025-09-03T09:43:40.981927792+00:00,0.014906042
"1-Wire","reset",2025-09-03T09:43:40.996897208+00:00,0.014910083
"1-Wire","reset",2025-09-03T09:43:41.011861208+00:00,0.014901583
"1-Wire","reset",2025-09-03T09:43:41.026816708+00:00,0.014861292
"1-Wire","reset",2025-09-03T09:43:41.041741375+00:00,0.014892208
"1-Wire","reset",2025-09-03T09:43:41.056696958+00:00,0.014952083
"1-Wire","reset",2025-09-03T09:43:41.071702958+00:00,0.01488825
"1-Wire","reset",2025-09-03T09:43:41.086654583+00:00,0.014928833
"1-Wire","reset",2025-09-03T09:43:41.101637458+00:00,0.014852208
"1-Wire","reset",2025-09-03T09:43:41.116553042+00:00,0.0148955
"1-Wire","reset",2025-09-03T09:43:41.131511917+00:00,0.014867375
"1-Wire","reset",2025-09-03T09:43:41.146433167+00:00,0.014905708
"1-Wire","reset",2025-09-03T09:43:41.161402208+00:00,0.014877
"1-Wire","reset",2025-09-03T09:43:41.176342542+00:00,0.014897708
"1-Wire","reset",2025-09-03T09:43:41.191284667+00:00,0.014915667
"1-Wire","reset",2025-09-03T09:43:41.206244750+00:00,0.014902458
"1-Wire","reset",2025-09-03T09:43:41.221220000+00:00,0.014896917
"1-Wire","reset",2025-09-03T09:43:41.236170792+00:00,0.014877875
"1-Wire","reset",2025-09-03T09:43:41.251121625+00:00,0.014898333
"1-Wire","reset",2025-09-03T09:43:41.266083333+00:00,0.014831708
"1-Wire","reset",2025-09-03T09:43:41.280968917+00:00,0.014913875
"1-Wire","reset",2025-09-03T09:43:41.295955667+00:00,0.014886583
"1-Wire","reset",2025-09-03T09:43:41.310896167+00:00,0.014907625
"1-Wire","reset",2025-09-03T09:43:41.325867125+00:00,0.014909667
"1-Wire","reset",2025-09-03T09:43:41.340830667+00:00,0.014878792
"1-Wire","reset",2025-09-03T09:43:41.355763333+00:00,0.014906
"1-Wire","reset",2025-09-03T09:43:41.370723208+00:00,0.022200042
"1-Wire","reset",2025-09-03T09:43:41.392977083+00:00,0.014902125
"1-Wire","reset",2025-09-03T09:43:41.407933292+00:00,0.014968542
"1-Wire","reset",2025-09-03T09:43:41.422964833+00:00,0.014930667
"1-Wire","reset",2025-09-03T09:43:41.437939500+00:00,0.014967
"1-Wire","reset",2025-09-03T09:43:41.452932042+00:00,0.014927208
"1-Wire","reset",2025-09-03T09:43:41.467884792+00:00,0.014904
"1-Wire","reset",2025-09-03T09:43:41.482823833+00:00,0.014974417
"1-Wire","reset",2025-09-03T09:43:41.497814292+00:00,0.01489725
"1-Wire","reset",2025-09-03T09:43:41.512737125+00:00,0.014908583
"1-Wire","reset",2025-09-03T09:43:41.527690167+00:00,0.0149365
"1-Wire","reset",2025-09-03T09:43:41.542642708+00:00,0.014917417
"1-Wire","reset",2025-09-03T09:43:41.557576208+00:00,0.0149455
"1-Wire","reset",2025-09-03T09:43:41.572537750+00:00,0.014910542
"1-Wire","reset",2025-09-03T09:43:41.587483292+00:00,0.014934375
"1-Wire","reset",2025-09-03T09:43:41.602452750+00:00,0.014926958
"1-Wire","reset",2025-09-03T09:43:41.617405250+00:00,0.014926833
"1-Wire","reset",2025-09-03T09:43:41.632376542+00:00,0.014955917
"1-Wire","reset",2025-09-03T09:43:41.647358000+00:00,0.0148715
"1-Wire","reset",2025-09-03T09:43:41.662264542+00:00,0.014918625
"1-Wire","reset",2025-09-03T09:43:41.677218167+00:00,0.014909708
"1-Wire","reset",2025-09-03T09:43:41.692153417+00:00,0.014922083
"1-Wire","reset",2025-09-03T09:43:41.707138792+00:00,0.014906083
"1-Wire","reset",2025-09-03T09:43:41.722089250+00:00,0.014943
"1-Wire","reset",2025-09-03T09:43:41.737076625+00:00,0.014893167
"1-Wire","reset",2025-09-03T09:43:41.752023583+00:00,0.014888042
"1-Wire","reset",2025-09-03T09:43:41.766965417+00:00,0.014899042
"1-Wire","reset",2025-09-03T09:43:41.781918333+00:00,0.014913083
"1-Wire","reset",2025-09-03T09:43:41.796885333+00:00,0.014855667
"1-Wire","reset",2025-09-03T09:43:41.811795042+00:00,0.014930167
"1-Wire","reset",2025-09-03T09:43:41.826779083+00:00,0.014918292
"1-Wire","reset",2025-09-03T09:43:41.841751250+00:00,0.014881667
"1-Wire","reset",2025-09-03T09:43:41.856677333+00:00,0.014897583
"1-Wire","reset",2025-09-03T09:43:41.871628792+00:00,0.014906792
"1-Wire","reset",2025-09-03T09:43:41.886589500+00:00,0.01490075
"1-Wire","reset",2025-09-03T09:43:41.901553625+00:00,0.014908917
"1-Wire","reset",2025-09-03T09:43:41.916516458+00:00,0.014860542
"1-Wire","reset",2025-09-03T09:43:41.931430917+00:00,0.014897167
"1-Wire","reset",2025-09-03T09:43:41.946391458+00:00,0.014908542
"1-Wire","reset",2025-09-03T09:43:41.961354042+00:00,0.014860792
"1-Wire","reset",2025-09-03T09:43:41.976268708+00:00,0.014907
"1-Wire","reset",2025-09-03T09:43:41.991229583+00:00,0.0149375
"1-Wire","reset",2025-09-03T09:43:42.006211500+00:00,0.014858667
"1-Wire","reset",2025-09-03T09:43:42.021142958+00:00,0.014936833
"1-Wire","reset",2025-09-03T09:43:42.036124208+00:00,0.014853583
"1-Wire","reset",2025-09-03T09:43:42.051031667+00:00,0.01493675
"1-Wire","reset",2025-09-03T09:43:42.066031792+00:00,0.014861583
"1-Wire","reset",2025-09-03T09:43:42.080947292+00:00,0.014930125
"1-Wire","reset",2025-09-03T09:43:42.095931292+00:00,0.014923083
"1-Wire","reset",2025-09-03T09:43:42.110917917+00:00,0.014843375
"1-Wire","reset",2025-09-03T09:43:42.125805667+00:00,0.014900625
"1-Wire","reset",2025-09-03T09:43:42.140750667+00:00,0.014980833
"1-Wire","reset",2025-09-03T09:43:42.155775917+00:00,0.014853125
"1-Wire","reset",2025-09-03T09:43:42.170673458+00:00,0.01488225
"1-Wire","reset",2025-09-03T09:43:42.185609583+00:00,0.014960583
"1-Wire","reset",2025-09-03T09:43:42.200624042+00:00,0.014825583
"1-Wire","reset",2025-09-03T09:43:42.215522458+00:00,0.014902292
"1-Wire","reset",2025-09-03T09:43:42.230478667+00:00,0.01491125
"1-Wire","reset",2025-09-03T09:43:42.245453250+00:00,0.014922042
"1-Wire","reset",2025-09-03T09:43:42.260429375+00:00,0.014927833
"1-Wire","reset",2025-09-03T09:43:42.275401625+00:00,0.01484475
"1-Wire","reset",2025-09-03T09:43:42.290300250+00:00,0.014976333
"1-Wire","reset",2025-09-03T09:43:42.305339917+00:00,0.014811458
"1-Wire","reset",2025-09-03T09:43:42.320214708+00:00,0.014927583
"1-Wire","reset",2025-09-03T09:43:42.335205625+00:00,0.01491125
"1-Wire","reset",2025-09-03T09:43:42.350180250+00:00,0.0148545
"1-Wire","reset",2025-09-03T09:43:42.365079167+00:00,0.014916333
"1-Wire","reset",2025-09-03T09:43:42.380039917+00:00,0.014922875
"1-Wire","reset",2025-09-03T09:43:42.395016667+00:00,0.014868083
"1-Wire","reset",2025-09-03T09:43:42.409938792+00:00,0.014927667
"1-Wire","reset",2025-09-03T09:43:42.424910833+00:00,0.014925083
"1-Wire","reset",2025-09-03T09:43:42.439899250+00:00,0.014852792
"1-Wire","reset",2025-09-03T09:43:42.454805875+00:00,0.014887917
"1-Wire","reset",2025-09-03T09:43:42.469747667+00:00,0.01490625
"1-Wire","reset",2025-09-03T09:43:42.484707792+00:00,0.014877833
"1-Wire","reset",2025-09-03T09:43:42.499658458+00:00,0.014909167
"1-Wire","reset",2025-09-03T09:43:42.514621500+00:00,0.014896792
"1-Wire","reset",2025-09-03T09:43:42.529572167+00:00,0.014869542
"1-Wire","reset",2025-09-03T09:43:42.544486083+00:00,0.014923542
"1-Wire","reset",2025-09-03T09:43:42.559463708+00:00,0.01487575
"1-Wire","reset",2025-09-03T09:43:42.574402458+00:00,0.014902875
"1-Wire","reset",2025-09-03T09:43:42.589358792+00:00,0.01492325
"1-Wire","reset",2025-09-03T09:43:42.604307542+00:00,0.0149545
"1-Wire","reset",2025-09-03T09:43:42.619287583+00:00,0.01491175
"1-Wire","reset",2025-09-03T09:43:42.634224875+00:00,0.014920375
"1-Wire","reset",2025-09-03T09:43:42.649189708+00:00,0.014925083
"1-Wire","reset",2025-09-03T09:43:42.664149792+00:00,0.014949875
"1-Wire","reset",2025-09-03T09:43:42.679125208+00:00,0.014898167
"1-Wire","reset",2025-09-03T09:43:42.694039458+00:00,0.014894417
"1-Wire","reset",2025-09-03T09:43:42.708968875+00:00,0.014957417
"1-Wire","reset",2025-09-03T09:43:42.723980167+00:00,0.014892667
"1-Wire","reset",2025-09-03T09:43:42.738926750+00:00,0.01490325
"1-Wire","reset",2025-09-03T09:43:42.753883875+00:00,0.014901792
"1-Wire","reset",2025-09-03T09:43:42.768830083+00:00,0.01484925
"1-Wire","reset",2025-09-03T09:43:42.783733250+00:00,0.014833917
"1-Wire","reset",2025-09-03T09:43:42.798621000+00:00,0.014866583
"1-Wire","reset",2025-09-03T09:43:42.813541458+00:00,0.015109292
"1-Wire","reset",2025-09-03T09:43:42.828704833+00:00,0.014863417
"1-Wire","reset",2025-09-03T09:43:42.843622125+00:00,0.014872042
"1-Wire","reset",2025-09-03T09:43:42.858557500+00:00,0.014941083
"1-Wire","reset",2025-09-03T09:43:42.873552083+00:00,0.014881333
"1-Wire","reset",2025-09-03T09:43:42.888496333+00:00,0.014965875
"1-Wire","reset",2025-09-03T09:43:42.903487750+00:00,0.0148625
"1-Wire","reset",2025-09-03T09:43:42.918375792+00:00,0.014919875
"1-Wire","reset",2025-09-03T09:43:42.933349542+00:00,0.014875
"1-Wire","reset",2025-09-03T09:43:42.948278417+00:00,0.014938708
"1-Wire","reset",2025-09-03T09:43:42.963271000+00:00,0.014880167
"1-Wire","reset",2025-09-03T09:43:42.978195583+00:00,0.014889208
"1-Wire","reset",2025-09-03T09:43:42.993157583+00:00,0.014914958
"1-Wire","reset",2025-09-03T09:43:43.008145583+00:00,0.014873208
"1-Wire","reset",2025-09-03T09:43:43.023082167+00:00,0.014929083
"1-Wire","reset",2025-09-03T09:43:43.038065167+00:00,0.0148415
"1-Wire","reset",2025-09-03T09:43:43.052960542+00:00,0.01493675
"1-Wire","reset",2025-09-03T09:43:43.067941667+00:00,0.01491
"1-Wire","reset",2025-09-03T09:43:43.082915000+00:00,0.014897792
"1-Wire","reset",2025-09-03T09:43:43.097866667+00:00,0.01486725
"1-Wire","reset",2025-09-03T09:43:43.112797292+00:00,0.014929458
"1-Wire","reset",2025-09-03T09:43:43.127771167+00:00,0.014927167
"1-Wire","reset",2025-09-03T09:43:43.142752208+00:00,0.014742333
"1-Wire","reset",2025-09-03T09:43:43.157558125+00:00,0.01481925
"1-Wire","reset",2025-09-03T09:43:43.172440708+00:00,0.015038042
"1-Wire","reset",2025-09-03T09:43:43.187542125+00:00,0.014908542
"1-Wire","reset",2025-09-03T09:43:43.202514042+00:00,0.01486875
"1-Wire","reset",2025-09-03T09:43:43.217446125+00:00,0.014937208
"1-Wire","reset",2025-09-03T09:43:43.232427750+00:00,0.014880208
"1-Wire","reset",2025-09-03T09:43:43.247352375+00:00,0.014943667
"1-Wire","reset",2025-09-03T09:43:43.262349958+00:00,0.014857125
"1-Wire","reset",2025-09-03T09:43:43.277260958+00:00,0.014938583
"1-Wire","reset",2025-09-03T09:43:43.292253375+00:00,0.014865667
"1-Wire","reset",2025-09-03T09:43:43.307192042+00:00,0.01492925
"1-Wire","reset",2025-09-03T09:43:43.322175125+00:00,0.014927792
"1-Wire","reset",2025-09-03T09:43:43.337166292+00:00,0.014828917
"1-Wire","reset",2025-09-03T09:43:43.352049083+00:00,0.01492075
"1-Wire","reset",2025-09-03T09:43:43.367033208+00:00,0.014906417
"1-Wire","reset",2025-09-03T09:43:43.381993500+00:00,0.014884667
"1-Wire","reset",2025-09-03T09:43:43.396941542+00:00,0.014902708
"1-Wire","reset",2025-09-03T09:43:43.411907625+00:00,0.01492275
"1-Wire","reset",2025-09-03T09:43:43.426884292+00:00,0.014905917
"1-Wire","reset",2025-09-03T09:43:43.441863083+00:00,0.014865667
"1-Wire","reset",2025-09-03T09:43:43.456792292+00:00,0.01487825
"1-Wire","reset",2025-09-03T09:43:43.471733875+00:00,0.014911083
"1-Wire","reset",2025-09-03T09:43:43.486689375+00:00,0.014871458
"1-Wire","reset",2025-09-03T09:43:43.501605250+00:00,0.014961958
"1-Wire","reset",2025-09-03T09:43:43.516640000+00:00,0.014875542
"1-Wire","reset",2025-09-03T09:43:43.531569417+00:00,0.014841625
"1-Wire","reset",2025-09-03T09:43:43.546464917+00:00,0.0149285
"1-Wire","reset",2025-09-03T09:43:43.561437792+00:00,0.014918292
"1-Wire","reset",2025-09-03T09:43:43.576419375+00:00,0.01494225
"1-Wire","reset",2025-09-03T09:43:43.591425000+00:00,0.014845958
"1-Wire","reset",2025-09-03T09:43:43.606325042+00:00,0.014924292
"1-Wire","reset",2025-09-03T09:43:43.621303208+00:00,0.014894292
"1-Wire","reset",2025-09-03T09:43:43.636260875+00:00,0.014884667
"1-Wire","reset",2025-09-03T09:43:43.651199458+00:00,0.014895542
"1-Wire","reset",2025-09-03T09:43:43.666158375+00:00,0.014934083
"1-Wire","reset",2025-09-03T09:43:43.681155792+00:00,0.014843708
"1-Wire","reset",2025-09-03T09:43:43.696062875+00:00,0.014922958
"1-Wire","reset",2025-09-03T09:43:43.711049167+00:00,0.014880542
"1-Wire","reset",2025-09-03T09:43:43.725983625+00:00,0.014923625
"1-Wire","reset",2025-09-03T09:43:43.740961125+00:00,0.014877208
"1-Wire","reset",2025-09-03T09:43:43.755892375+00:00,0.01490275
"1-Wire","reset",2025-09-03T09:43:43.770858500+00:00,0.014934083
"1-Wire","reset",2025-09-03T09:43:43.785855958+00:00,0.021854375
"1-Wire","reset",2025-09-03T09:43:43.807773625+00:00,0.015254
"1-Wire","reset",2025-09-03T09:43:43.823081500+00:00,0.014854958
"1-Wire","reset",2025-09-03T09:43:43.837999833+00:00,0.014988333
"1-Wire","reset",2025-09-03T09:43:43.853061000+00:00,0.01490525
"1-Wire","reset",2025-09-03T09:43:43.868020125+00:00,0.014916417
"1-Wire","reset",2025-09-03T09:43:43.882990375+00:00,0.014957042
"1-Wire","reset",2025-09-03T09:43:43.898010750+00:00,0.014895833
"1-Wire","reset",2025-09-03T09:43:43.912951167+00:00,0.0149255
"1-Wire","reset",2025-09-03T09:43:43.927940000+00:00,0.014933958
"1-Wire","reset",2025-09-03T09:43:43.942937292+00:00,0.014878875
"1-Wire","reset",2025-09-03T09:43:43.957870000+00:00,0.01483175
"1-Wire","reset",2025-09-03T09:43:43.972755583+00:00,0.014935667
"1-Wire","reset",2025-09-03T09:43:43.987745125+00:00,0.014940875
"1-Wire","reset",2025-09-03T09:43:44.002749333+00:00,0.014896917
"1-Wire","reset",2025-09-03T09:43:44.017690625+00:00,0.0149335
"1-Wire","reset",2025-09-03T09:43:44.032687458+00:00,0.014890417
"1-Wire","reset",2025-09-03T09:43:44.047650750+00:00,0.014871083
"1-Wire","reset",2025-09-03T09:43:44.062584958+00:00,0.014904292
"1-Wire","reset",2025-09-03T09:43:44.077542750+00:00,0.014932
"1-Wire","reset",2025-09-03T09:43:44.092509792+00:00,0.014934042
"1-Wire","reset",2025-09-03T09:43:44.107488292+00:00,0.014893375
"1-Wire","reset",2025-09-03T09:43:44.122397708+00:00,0.014937292
"1-Wire","reset",2025-09-03T09:43:44.137360542+00:00,0.014898875
"1-Wire","reset",2025-09-03T09:43:44.152284958+00:00,0.014927375
"1-Wire","reset",2025-09-03T09:43:44.167237917+00:00,0.01496925
"1-Wire","reset",2025-09-03T09:43:44.182251625+00:00,0.014882625
"1-Wire","reset",2025-09-03T09:43:44.197150292+00:00,0.014978625
"1-Wire","reset",2025-09-03T09:43:44.212163917+00:00,0.014952958
"1-Wire","reset",2025-09-03T09:43:44.227142417+00:00,0.014922875
"1-Wire","reset",2025-09-03T09:43:44.242090833+00:00,0.014952125
"1-Wire","reset",2025-09-03T09:43:44.257077958+00:00,0.014932708
"1-Wire","reset",2025-09-03T09:43:44.272045625+00:00,0.014902125
"1-Wire","reset",2025-09-03T09:43:44.286982708+00:00,0.014909417
"1-Wire","reset",2025-09-03T09:43:44.301927125+00:00,0.014940417
"1-Wire","reset",2025-09-03T09:43:44.316902583+00:00,0.014950708
"1-Wire","reset",2025-09-03T09:43:44.331878833+00:00,0.01491
"1-Wire","reset",2025-09-03T09:43:44.346823875+00:00,0.014890583
"1-Wire","reset",2025-09-03T09:43:44.361740000+00:00,0.014920958
"1-Wire","reset",2025-09-03T09:43:44.376696000+00:00,0.014937917
"1-Wire","reset",2025-09-03T09:43:44.391668917+00:00,0.014953417
"1-Wire","reset",2025-09-03T09:43:44.406638375+00:00,0.014936833
"1-Wire","reset",2025-09-03T09:43:44.421610208+00:00,0.014919542
"1-Wire","reset",2025-09-03T09:43:44.436555292+00:00,0.014924292
"1-Wire","reset",2025-09-03T09:43:44.451505125+00:00,0.0149425
"1-Wire","reset",2025-09-03T09:43:44.466482625+00:00,0.014902875
"1-Wire","reset",2025-09-03T09:43:44.481411000+00:00,0.014906125
"1-Wire","reset",2025-09-03T09:43:44.496361583+00:00,0.014927833
"1-Wire","reset",2025-09-03T09:43:44.511324417+00:00,0.014924125
"1-Wire","reset",2025-09-03T09:43:44.526283542+00:00,0.014903708
"1-Wire","reset",2025-09-03T09:43:44.541212792+00:00,0.014972625
"1-Wire","reset",2025-09-03T09:43:44.556201500+00:00,0.014963417
"1-Wire","reset",2025-09-03T09:43:44.571199917+00:00,0.01489475
"1-Wire","reset",2025-09-03T09:43:44.586120208+00:00,0.01494925
"1-Wire","reset",2025-09-03T09:43:44.601104500+00:00,0.0149245
"1-Wire","reset",2025-09-03T09:43:44.616054542+00:00,0.014920417
"1-Wire","reset",2025-09-03T09:43:44.631009958+00:00,0.014922542
"1-Wire","reset",2025-09-03T09:43:44.645967500+00:00,0.014941208
"1-Wire","reset",2025-09-03T09:43:44.660934250+00:00,0.01490775
"1-Wire","reset",2025-09-03T09:43:44.675877000+00:00,0.01489525
"1-Wire","reset",2025-09-03T09:43:44.690797792+00:00,0.014959625
"1-Wire","reset",2025-09-03T09:43:44.705792458+00:00,0.014930083
"1-Wire","reset",2025-09-03T09:43:44.720757542+00:00,0.014907042
"1-Wire","reset",2025-09-03T09:43:44.735699625+00:00,0.014976167
"1-Wire","reset",2025-09-03T09:43:44.750710833+00:00,0.01485325
"1-Wire","reset",2025-09-03T09:43:44.765589625+00:00,0.014977208
"1-Wire","reset",2025-09-03T09:43:44.780582917+00:00,0.014902667
"1-Wire","reset",2025-09-03T09:43:44.795501667+00:00,0.014921833
"1-Wire","reset",2025-09-03T09:43:44.810458500+00:00,0.014977667
"1-Wire","reset",2025-09-03T09:43:44.825452250+00:00,0.014910083
"1-Wire","reset",2025-09-03T09:43:44.840397375+00:00,0.014905417
"1-Wire","reset",2025-09-03T09:43:44.855337792+00:00,0.014921833
"1-Wire","reset",2025-09-03T09:43:44.870275708+00:00,0.014949833
"1-Wire","reset",2025-09-03T09:43:44.885251125+00:00,0.014907292
"1-Wire","reset",2025-09-03T09:43:44.900202875+00:00,0.014919958
"1-Wire","reset",2025-09-03T09:43:44.915157875+00:00,0.01491
"1-Wire","reset",2025-09-03T09:43:44.930083917+00:00,0.014936792
"1-Wire","reset",2025-09-03T09:43:44.945055708+00:00,0.014902708
"1-Wire","reset",2025-09-03T09:43:44.959993417+00:00,0.014964
"1-Wire","reset",2025-09-03T09:43:44.974982958+00:00,0.014943083
"1-Wire","reset",2025-09-03T09:43:44.989961042+00:00,0.014870292
"1-Wire","reset",2025-09-03T09:43:45.004856875+00:00,0.014963333
"1-Wire","reset",2025-09-03T09:43:45.019845708+00:00,0.014916167
"1-Wire","reset",2025-09-03T09:43:45.034787417+00:00,0.014935333
"1-Wire","reset",2025-09-03T09:43:45.049748292+00:00,0.014881375
"1-Wire","reset",2025-09-03T09:43:45.064664708+00:00,0.014963583
"1-Wire","reset",2025-09-03T09:43:45.079653833+00:00,0.014938583
"1-Wire","reset",2025-09-03T09:43:45.094617958+00:00,0.014920208
"1-Wire","reset",2025-09-03T09:43:45.109573125+00:00,0.014880333
"1-Wire","reset",2025-09-03T09:43:45.124497958+00:00,0.014939792
"1-Wire","reset",2025-09-03T09:43:45.139482250+00:00,0.0149465
"1-Wire","reset",2025-09-03T09:43:45.154463750+00:00,0.01488925
"1-Wire","reset",2025-09-03T09:43:45.169369083+00:00,0.014983458
"1-Wire","reset",2025-09-03T09:43:45.184378083+00:00,0.014852458
"1-Wire","reset",2025-09-03T09:43:45.199293833+00:00,0.01492225
"1-Wire","reset",2025-09-03T09:43:45.214288875+00:00,0.014901083
"1-Wire","reset",2025-09-03T09:43:45.229243792+00:00,0.014842167
"1-Wire","reset",2025-09-03T09:43:45.244149250+00:00,0.01493925
"1-Wire","reset",2025-09-03T09:43:45.259151833+00:00,0.014829458
"1-Wire","reset",2025-09-03T09:43:45.274044667+00:00,0.01492625
"1-Wire","reset",2025-09-03T09:43:45.289043750+00:00,0.014840792
"1-Wire","reset",2025-09-03T09:43:45.303928958+00:00,0.014938042
"1-Wire","reset",2025-09-03T09:43:45.318921125+00:00,0.014862583
"1-Wire","reset",2025-09-03T09:43:45.333847083+00:00,0.01491375
"1-Wire","reset",2025-09-03T09:43:45.348824208+00:00,0.014914625
"1-Wire","reset",2025-09-03T09:43:45.363792708+00:00,0.014832875
"1-Wire","reset",2025-09-03T09:43:45.378679500+00:00,0.014833417
"1-Wire","reset",2025-09-03T09:43:45.393566792+00:00,0.0148925
"1-Wire","reset",2025-09-03T09:43:45.408513167+00:00,0.015079042
"1-Wire","reset",2025-09-03T09:43:45.423646083+00:00,0.014844583
"1-Wire","reset",2025-09-03T09:43:45.438535042+00:00,0.014933667
"1-Wire","reset",2025-09-03T09:43:45.453532042+00:00,0.014915333
"1-Wire","reset",2025-09-03T09:43:45.468501458+00:00,0.014865833
"1-Wire","reset",2025-09-03T09:43:45.483421208+00:00,0.014941875
"1-Wire","reset",2025-09-03T09:43:45.498426417+00:00,0.01486925
"1-Wire","reset",2025-09-03T09:43:45.513340083+00:00,0.014905958
"1-Wire","reset",2025-09-03T09:43:45.528299917+00:00,0.014931708
"1-Wire","reset",2025-09-03T09:43:45.543276000+00:00,0.014931083
"1-Wire","reset",2025-09-03T09:43:45.558279917+00:00,0.014892958
"1-Wire","reset",2025-09-03T09:43:45.573226792+00:00,0.014869708
"1-Wire","reset",2025-09-03T09:43:45.588150375+00:00,0.014939625
"1-Wire","reset",2025-09-03T09:43:45.603143875+00:00,0.01494325
"1-Wire","reset",2025-09-03T09:43:45.618141208+00:00,0.014861333
"1-Wire","reset",2025-09-03T09:43:45.633065917+00:00,0.014865917
"1-Wire","reset",2025-09-03T09:43:45.648004708+00:00,0.0149045
"1-Wire","reset",2025-09-03T09:43:45.662953625+00:00,0.014949125
"1-Wire","reset",2025-09-03T09:43:45.677966083+00:00,0.014826292
"1-Wire","reset",2025-09-03T09:43:45.692855667+00:00,0.014937583
"1-Wire","reset",2025-09-03T09:43:45.707837667+00:00,0.014895042
"1-Wire","reset",2025-09-03T09:43:45.722786625+00:00,0.01489
"1-Wire","reset",2025-09-03T09:43:45.737740000+00:00,0.014924042
"1-Wire","reset",2025-09-03T09:43:45.752717917+00:00,0.014886417
"1-Wire","reset",2025-09-03T09:43:45.767648917+00:00,0.014811625
"1-Wire","reset",2025-09-03T09:43:45.782514417+00:00,0.015015958
"1-Wire","reset",2025-09-03T09:43:45.797593333+00:00,0.014795583
"1-Wire","reset",2025-09-03T09:43:45.812442417+00:00,0.015030583
"1-Wire","reset",2025-09-03T09:43:45.827508000+00:00,0.014911292
"1-Wire","reset",2025-09-03T09:43:45.842454292+00:00,0.014894
"1-Wire","reset",2025-09-03T09:43:45.857383292+00:00,0.01493675
"1-Wire","reset",2025-09-03T09:43:45.872345583+00:00,0.01495825
"1-Wire","reset",2025-09-03T09:43:45.887329375+00:00,0.014882333
"1-Wire","reset",2025-09-03T09:43:45.902237292+00:00,0.0149275
"1-Wire","reset",2025-09-03T09:43:45.917180875+00:00,0.014922625
"1-Wire","reset",2025-09-03T09:43:45.932138500+00:00,0.014918625
"1-Wire","reset",2025-09-03T09:43:45.947101583+00:00,0.014937958
"1-Wire","reset",2025-09-03T09:43:45.962055625+00:00,0.014932375
"1-Wire","reset",2025-09-03T09:43:45.977013542+00:00,0.014946167
"1-Wire","reset",2025-09-03T09:43:45.991975792+00:00,0.014929458
"1-Wire","reset",2025-09-03T09:43:46.006940250+00:00,0.014925458
"1-Wire","reset",2025-09-03T09:43:46.021900750+00:00,0.014863542
"1-Wire","reset",2025-09-03T09:43:46.036789833+00:00,0.014935708
"1-Wire","reset",2025-09-03T09:43:46.051751083+00:00,0.014968
"1-Wire","reset",2025-09-03T09:43:46.066754125+00:00,0.014910458
"1-Wire","reset",2025-09-03T09:43:46.081690125+00:00,0.014923958
"1-Wire","reset",2025-09-03T09:43:46.096639583+00:00,0.014906
"1-Wire","reset",2025-09-03T09:43:46.111580583+00:00,0.014966542
"1-Wire","reset",2025-09-03T09:43:46.126563208+00:00,0.014876708
"1-Wire","reset",2025-09-03T09:43:46.141474958+00:00,0.014909
"1-Wire","reset",2025-09-03T09:43:46.156409500+00:00,0.014972417
"1-Wire","reset",2025-09-03T09:43:46.171426375+00:00,0.0148325
"1-Wire","reset",2025-09-03T09:43:46.186293875+00:00,0.014988458
"1-Wire","reset",2025-09-03T09:43:46.201307917+00:00,0.014927375
"1-Wire","reset",2025-09-03T09:43:46.216260833+00:00,0.014920917
"1-Wire","reset",2025-09-03T09:43:46.231216792+00:00,0.01491825
"1-Wire","reset",2025-09-03T09:43:46.246170083+00:00,0.014976083
"1-Wire","reset",2025-09-03T09:43:46.261171708+00:00,0.014919375
"1-Wire","reset",2025-09-03T09:43:46.276107125+00:00,0.014919125
"1-Wire","reset",2025-09-03T09:43:46.291061292+00:00,0.01485
"1-Wire","reset",2025-09-03T09:43:46.305946292+00:00,0.014956708
"1-Wire","reset",2025-09-03T09:43:46.320928542+00:00,0.014927292
"1-Wire","reset",2025-09-03T09:43:46.335881375+00:00,0.014983583
"1-Wire","reset",2025-09-03T09:43:46.350890500+00:00,0.022206458
"1-Wire","reset",2025-09-03T09:43:46.373122500+00:00,0.014910375
"1-Wire","reset",2025-09-03T09:43:46.388067875+00:00,0.015075667
"1-Wire","reset",2025-09-03T09:43:46.403178542+00:00,0.014781583
"1-Wire","reset",2025-09-03T09:43:46.417985667+00:00,0.015078625
"1-Wire","reset",2025-09-03T09:43:46.433108792+00:00,0.014868917
"1-Wire","reset",2025-09-03T09:43:46.448003250+00:00,0.014943708
"1-Wire","reset",2025-09-03T09:43:46.462972500+00:00,0.014927
"1-Wire","reset",2025-09-03T09:43:46.477934500+00:00,0.014927917
"1-Wire","reset",2025-09-03T09:43:46.492897417+00:00,0.014886958
"1-Wire","reset",2025-09-03T09:43:46.507809917+00:00,0.01497575
"1-Wire","reset",2025-09-03T09:43:46.522811208+00:00,0.014870583
"1-Wire","reset",2025-09-03T09:43:46.537716792+00:00,0.014943458
"1-Wire","reset",2025-09-03T09:43:46.552685792+00:00,0.014896792
"1-Wire","reset",2025-09-03T09:43:46.567598625+00:00,0.014949292
"1-Wire","reset",2025-09-03T09:43:46.582582917+00:00,0.0149085
"1-Wire","reset",2025-09-03T09:43:46.597516917+00:00,0.014973167
"1-Wire","reset",2025-09-03T09:43:46.612525083+00:00,0.014928042
"1-Wire","reset",2025-09-03T09:43:46.627478667+00:00,0.014883167
"1-Wire","reset",2025-09-03T09:43:46.642387375+00:00,0.014938083
"1-Wire","reset",2025-09-03T09:43:46.657341542+00:00,0.0149275
"1-Wire","reset",2025-09-03T09:43:46.672294583+00:00,0.014938792
"1-Wire","reset",2025-09-03T09:43:46.687258875+00:00,0.014941583
"1-Wire","reset",2025-09-03T09:43:46.702235458+00:00,0.014914542
"1-Wire","reset",2025-09-03T09:43:46.717185000+00:00,0.014920667
"1-Wire","reset",2025-09-03T09:43:46.732140667+00:00,0.014922042
"1-Wire","reset",2025-09-03T09:43:46.747078750+00:00,0.014972042
"1-Wire","reset",2025-09-03T09:43:46.762076333+00:00,0.01490175
"1-Wire","reset",2025-09-03T09:43:46.777003583+00:00,0.014925042
"1-Wire","reset",2025-09-03T09:43:46.791963625+00:00,0.014948833
"1-Wire","reset",2025-09-03T09:43:46.806938000+00:00,0.014971708
"1-Wire","reset",2025-09-03T09:43:46.821944667+00:00,0.014892708
"1-Wire","reset",2025-09-03T09:43:46.836853417+00:00,0.014940083
"1-Wire","reset",2025-09-03T09:43:46.851828542+00:00,0.014908875
"1-Wire","reset",2025-09-03T09:43:46.866762917+00:00,0.014926417
"1-Wire","reset",2025-09-03T09:43:46.881724375+00:00,0.014889792
"1-Wire","reset",2025-09-03T09:43:46.896658667+00:00,0.014888167
"1-Wire","reset",2025-09-03T09:43:46.911562917+00:00,0.014964958
"1-Wire","reset",2025-09-03T09:43:46.926562875+00:00,0.014906208
"1-Wire","reset",2025-09-03T09:43:46.941494625+00:00,0.01497225
"1-Wire","reset",2025-09-03T09:43:46.956492458+00:00,0.014915458
"1-Wire","reset",2025-09-03T09:43:46.971442917+00:00,0.014904042
"1-Wire","reset",2025-09-03T09:43:46.986363042+00:00,0.014964292
"1-Wire","reset",2025-09-03T09:43:47.001352833+00:00,0.014953167
"1-Wire","reset",2025-09-03T09:43:47.016322042+00:00,0.0148935
"1-Wire","reset",2025-09-03T09:43:47.031250583+00:00,0.0149615
"1-Wire","reset",2025-09-03T09:43:47.046256583+00:00,0.01491775
"1-Wire","reset",2025-09-03T09:43:47.061209333+00:00,0.014895792
"1-Wire","reset",2025-09-03T09:43:47.076140125+00:00,0.014935292
"1-Wire","reset",2025-09-03T09:43:47.091091458+00:00,0.0149575
"1-Wire","reset",2025-09-03T09:43:47.106083958+00:00,0.0149585
"1-Wire","reset",2025-09-03T09:43:47.121068000+00:00,0.014866708
"1-Wire","reset",2025-09-03T09:43:47.135998083+00:00,0.014894625
"1-Wire","reset",2025-09-03T09:43:47.150956042+00:00,0.014936583
"1-Wire","reset",2025-09-03T09:43:47.165946542+00:00,0.014887667
"1-Wire","reset",2025-09-03T09:43:47.180888083+00:00,0.014898542
"1-Wire","reset",2025-09-03T09:43:47.195849917+00:00,0.014869042
"1-Wire","reset",2025-09-03T09:43:47.210763333+00:00,0.014978708
"1-Wire","reset",2025-09-03T09:43:47.225796125+00:00,0.014910708
"1-Wire","reset",2025-09-03T09:43:47.240770208+00:00,0.014841417
"1-Wire","reset",2025-09-03T09:43:47.255675000+00:00,0.014961167
"1-Wire","reset",2025-09-03T09:43:47.270699542+00:00,0.014892583
"1-Wire","reset",2025-09-03T09:43:47.285645958+00:00,0.014917583
"1-Wire","reset",2025-09-03T09:43:47.300617417+00:00,0.014873125
"1-Wire","reset",2025-09-03T09:43:47.315544375+00:00,0.014932042
"1-Wire","reset",2025-09-03T09:43:47.330529875+00:00,0.01490325
"1-Wire","reset",2025-09-03T09:43:47.345496083+00:00,0.014889167
"1-Wire","reset",2025-09-03T09:43:47.360410833+00:00,0.014932458
"1-Wire","reset",2025-09-03T09:43:47.375368833+00:00,0.014976292
"1-Wire","reset",2025-09-03T09:43:47.390380125+00:00,0.0148965
"1-Wire","reset",2025-09-03T09:43:47.405311625+00:00,0.014976083
"1-Wire","reset",2025-09-03T09:43:47.420313208+00:00,0.01489675
"1-Wire","reset",2025-09-03T09:43:47.435245000+00:00,0.014925125
"1-Wire","reset",2025-09-03T09:43:47.450195667+00:00,0.0149155
"1-Wire","reset",2025-09-03T09:43:47.465155667+00:00,0.014945333
"1-Wire","reset",2025-09-03T09:43:47.480126542+00:00,0.014885917
"1-Wire","reset",2025-09-03T09:43:47.495038000+00:00,0.014962667
"1-Wire","reset",2025-09-03T09:43:47.510026208+00:00,0.014943208
"1-Wire","reset",2025-09-03T09:43:47.525032792+00:00,0.014870333
"1-Wire","reset",2025-09-03T09:43:47.539957167+00:00,0.014942792
"1-Wire","reset",2025-09-03T09:43:47.554944375+00:00,0.014906917
"1-Wire","reset",2025-09-03T09:43:47.569905167+00:00,0.014860167
"1-Wire","reset",2025-09-03T09:43:47.584819208+00:00,0.014944708
"1-Wire","reset",2025-09-03T09:43:47.599827250+00:00,0.014905917
"1-Wire","reset",2025-09-03T09:43:47.614787042+00:00,0.014886833
"1-Wire","reset",2025-09-03T09:43:47.629727750+00:00,0.014955417
"1-Wire","reset",2025-09-03T09:43:47.644746500+00:00,0.014926208
"1-Wire","reset",2025-09-03T09:43:47.659726542+00:00,0.014843375
"1-Wire","reset",2025-09-03T09:43:47.674633250+00:00,0.01489725
"1-Wire","reset",2025-09-03T09:43:47.689584542+00:00,0.01492325
"1-Wire","reset",2025-09-03T09:43:47.704561667+00:00,0.014873375
"1-Wire","reset",2025-09-03T09:43:47.719479458+00:00,0.014944
"1-Wire","reset",2025-09-03T09:43:47.734467875+00:00,0.014877792
"1-Wire","reset",2025-09-03T09:43:47.749390042+00:00,0.014913167
"1-Wire","reset",2025-09-03T09:43:47.764366542+00:00,0.014913375
"1-Wire","reset",2025-09-03T09:43:47.779333792+00:00,0.014898292
"1-Wire","reset",2025-09-03T09:43:47.794295417+00:00,0.014878667
"1-Wire","reset",2025-09-03T09:43:47.809227917+00:00,0.014898542
"1-Wire","reset",2025-09-03T09:43:47.824199250+00:00,0.014858583
"1-Wire","reset",2025-09-03T09:43:47.839111875+00:00,0.014907833
"1-Wire","reset",2025-09-03T09:43:47.854064083+00:00,0.014951208
"1-Wire","reset",2025-09-03T09:43:47.869059708+00:00,0.014890167
"1-Wire","reset",2025-09-03T09:43:47.883994250+00:00,0.014908458
"1-Wire","reset",2025-09-03T09:43:47.898966042+00:00,0.014859917
"1-Wire","reset",2025-09-03T09:43:47.913898750+00:00,0.014913208
"1-Wire","reset",2025-09-03T09:43:47.928884792+00:00,0.014802667
"1-Wire","reset",2025-09-03T09:43:47.943750375+00:00,0.014824542
"1-Wire","reset",2025-09-03T09:43:47.958628375+00:00,0.015076292
"1-Wire","reset",2025-09-03T09:43:47.973720708+00:00,0.014841083
"1-Wire","reset",2025-09-03T09:43:47.988587333+00:00,0.014796375
"1-Wire","reset",2025-09-03T09:43:48.003418708+00:00,0.014888292
"1-Wire","reset",2025-09-03T09:43:48.018351458+00:00,0.015123083
"1-Wire","reset",2025-09-03T09:43:48.033519042+00:00,0.01487925
"1-Wire","reset",2025-09-03T09:43:48.048423833+00:00,0.014947
"1-Wire","reset",2025-09-03T09:43:48.063396333+00:00,0.014974792
"1-Wire","reset",2025-09-03T09:43:48.078396625+00:00,0.014852625
"1-Wire","reset",2025-09-03T09:43:48.093265292+00:00,0.014925375
"1-Wire","reset",2025-09-03T09:43:48.108216208+00:00,0.014915125
"1-Wire","reset",2025-09-03T09:43:48.123156875+00:00,0.014965917
"1-Wire","reset",2025-09-03T09:43:48.138167292+00:00,0.014908333
"1-Wire","reset",2025-09-03T09:43:48.153101167+00:00,0.014882083
"1-Wire","reset",2025-09-03T09:43:48.168018250+00:00,0.014937542
"1-Wire","reset",2025-09-03T09:43:48.182990833+00:00,0.01496525
"1-Wire","reset",2025-09-03T09:43:48.197972125+00:00,0.0149285
"1-Wire","reset",2025-09-03T09:43:48.212926167+00:00,0.014890583
"1-Wire","reset",2025-09-03T09:43:48.227851792+00:00,0.014934083
"1-Wire","reset",2025-09-03T09:43:48.242811458+00:00,0.014943208
"1-Wire","reset",2025-09-03T09:43:48.257770750+00:00,0.014904042
"1-Wire","reset",2025-09-03T09:43:48.272709792+00:00,0.014909917
"1-Wire","reset",2025-09-03T09:43:48.287635792+00:00,0.014928958
"1-Wire","reset",2025-09-03T09:43:48.302590292+00:00,0.014956708
"1-Wire","reset",2025-09-03T09:43:48.317591458+00:00,0.014790417
"1-Wire","reset",2025-09-03T09:43:48.332407458+00:00,0.014719917